release_id,app_id,precise_rating
1,5,4.2608
2,5,4.2039
3,13,4.0123
4,16,3.7223
5,23,3.7436
6,26,4.3044
7,35,2.9374
8,35,2.9379
9,35,2.9583
10,35,2.9732
11,37,3.5383
12,47,4.1161
13,49,4.2081
14,50,4.2616
15,50,4.2631
16,53,4.0497
17,53,4.0901
18,53,4.1251
19,55,3.9866
20,62,2.9891
21,62,2.9788
22,63,3.9928
23,68,4.0191
24,71,0.0363
25,73,3.9563
26,73,3.9556
27,73,3.9544
28,73,3.9485
29,73,3.9479
30,82,4.0024
31,82,3.9532
32,86,4.0715
33,88,3.5316
34,88,3.5316
35,88,3.5679
36,106,3.5
37,115,3.4047
38,132,3.7862
39,137,3.5682
40,151,3.6249
41,155,4.2857
42,157,4.1001
43,162,3.3989
44,162,3.3894
45,166,3.5084
46,168,3.0269
47,175,3.3704
48,178,3.6522
49,179,4.2424
50,179,4.2931
51,185,3.7031
52,187,3.3952
53,187,3.3909
54,194,4.252
55,194,4.2649
56,194,4.2698
57,194,4.2917
58,203,3.5535
59,203,3.5564
60,212,3.5625
61,216,3.4493
62,216,3.4505
63,216,3.4612
64,218,3.5239
65,227,3.3354
66,229,3.3441
67,229,3.3417
68,229,3.3502
69,229,3.3527
70,229,3.3521
71,229,3.3488
72,237,3.7931
73,254,3.875
74,254,3.7941
75,255,3.6799
76,256,3.6919
77,256,3.6994
78,260,4.25
79,263,3.186
80,267,4.1312
81,267,4.138
82,267,4.1404
83,267,4.1434
84,284,3.3312
85,286,3.8053
86,287,3.5678
87,287,3.5663
88,289,3.4297
89,293,3.6229
90,293,3.6541
91,293,3.6569
92,293,3.6594
93,293,3.6531
94,301,3.6569
95,313,3.8527
96,317,3.8391
97,318,3.7698
98,319,4.1454
99,329,3.5219
100,329,3.533
101,333,3.5591
102,346,4.1198
103,348,3.9722
104,354,3.0217
105,354,3.0382
106,354,3.0479
107,354,3.0561
108,354,3.0548
109,354,3.065
110,354,3.1359
111,354,3.1357
112,354,3.1331
113,354,3.1268
114,354,3.1264
115,354,3.132
116,354,3.138
117,354,3.1373
118,354,3.138
119,354,3.1371
120,354,3.1356
121,357,4.0204
122,357,4.0461
123,357,4.0522
124,358,4.4432
125,359,4.2297
126,361,3.4046
127,364,4.3562
128,364,4.3202
129,380,3.3833
130,381,3.7273
131,383,3.7736
132,384,4.5
133,385,3.9881
134,387,3.741
135,387,3.7668
136,390,3.8806
137,394,4.1077
138,410,3.7084
139,414,3.65
140,414,3.6249
141,415,4.3277
142,425,4.3504
143,432,3.6802
144,434,3.5273
145,434,3.5172
146,435,3.8255
147,438,3.8864
148,438,3.8886
149,438,3.8907
150,438,3.9037
151,438,3.9039
152,438,3.9047
153,438,3.9075
154,438,3.908
155,438,3.9096
156,438,3.9117
157,438,3.9126
158,438,3.9139
159,438,3.9156
160,438,3.9161
161,438,3.9168
162,438,3.9182
163,438,3.9199
164,438,3.9206
165,438,3.9214
166,438,3.9231
167,440,3.8478
168,447,3.8191
169,448,4.4591
170,448,4.4581
171,448,4.4569
172,448,4.4535
173,448,4.4542
174,448,4.4544
175,448,4.4549
176,448,4.4551
177,448,4.4549
178,448,4.4544
179,448,4.4532
180,448,4.4567
181,448,4.4575
182,448,4.4582
183,448,4.4586
184,448,4.4599
185,448,4.4605
186,448,4.4606
187,448,4.4613
188,448,4.4613
189,451,4.0301
190,451,4.0224
191,456,3.6899
192,458,3.44
193,468,4.3077
194,468,4.3333
195,469,3.8
196,469,3.875
197,470,3.8333
198,470,3.9231
199,472,4.6031
200,474,4.0712
201,475,3.4215
202,475,3.4223
203,475,3.4248
204,480,4.5148
205,480,4.5496
206,480,4.5557
207,480,4.5738
208,480,4.584
209,480,4.5801
210,490,3.8117
211,490,3.8016
212,490,3.7667
213,490,3.7574
214,500,4.2221
215,521,4.2468
216,540,4.0612
217,552,0.0
218,693,4.5189
219,701,4.376
220,760,4.6064
221,761,4.2538
222,774,3.6513
223,775,3.5343
224,782,3.5455
225,790,3.785
226,813,4.4412
227,813,4.2273
228,833,3.6667
229,834,3.6429
230,835,5.0
231,836,4.6667
232,837,5.0
233,845,3.7161
234,850,3.8062
235,903,3.5705
236,903,3.6215
237,917,3.5221
238,917,3.5516
239,942,4.1013
240,973,3.477
241,982,3.5377
242,984,3.4
243,1004,3.716
244,1004,3.8102
245,1005,4.5304
246,1005,4.5349
247,1007,3.4422
248,1007,3.4539
249,1025,3.6
250,1025,3.6212
251,1027,3.5178
252,1027,3.5268
253,1028,3.6473
254,1028,3.6684
255,1030,3.6987
256,1030,3.7177
257,1030,3.7275
258,1032,3.9878
259,1032,4.0
260,1033,4.108
261,1033,4.1331
262,1033,4.1499
263,1033,4.1591
264,1034,4.1166
265,1034,4.1208
266,1034,4.1284
267,1052,4.0095
268,1052,4.0128
269,1052,4.0198
270,1067,3.4281
271,1067,3.4345
272,1079,4.1556
273,1079,4.2075
274,1079,4.1852
275,1081,4.0122
276,1081,3.9966
277,1082,4.3401
278,1082,4.3498
279,1087,3.7205
280,1087,3.747
281,1092,3.25
282,1092,3.25
283,1094,4.0986
284,1094,4.1429
285,1100,3.5467
286,1100,3.5802
287,1106,4.7653
288,1106,4.767
289,1107,4.0
290,1107,4.0506
291,1107,4.0846
292,1128,4.2429
293,1128,4.2452
294,1138,4.25
295,1138,4.4
296,1138,3.8333
297,1138,4.0
298,1144,3.9912
299,1144,4.0079
300,1144,4.019
301,1149,3.9424
302,1149,3.9415
303,1149,3.9626
304,1150,3.7705
305,1150,3.7789
306,1150,3.8036
307,1151,3.6712
308,1151,3.728
309,1154,4.4859
310,1154,4.5731
311,1156,3.9926
312,1156,3.9972
313,1156,4.0163
314,1157,3.9134
315,1157,3.8858
316,1160,3.9954
317,1160,3.9873
318,1164,3.577
319,1164,3.6018
320,1165,3.6602
321,1165,3.6501
322,1166,4.56
323,1166,4.3714
324,1168,4.0506
325,1168,4.0066
326,1170,3.9286
327,1170,3.9481
328,1170,3.9527
329,1171,3.6
330,1171,3.25
331,1173,3.5591
332,1173,3.5324
333,1173,3.5882
334,1174,4.1533
335,1174,4.1881
336,1177,4.0069
337,1177,4.0192
338,1177,4.0462
339,1177,4.0708
340,1178,4.0677
341,1178,4.0759
342,1178,4.1024
343,1178,4.1739
344,1178,4.2117
345,1179,4.38
346,1179,4.3846
347,1180,4.0272
348,1180,4.0469
349,1181,4.206
350,1181,4.2005
351,1183,3.709
352,1183,3.6778
353,1183,3.6709
354,1187,4.3366
355,1187,4.1794
356,1191,4.1693
357,1191,4.1677
358,1191,4.0534
359,1194,3.7365
360,1194,3.7298
361,1198,4.4826
362,1198,4.4621
363,1199,4.2176
364,1199,4.2218
365,1199,4.2249
366,1199,4.1899
367,1199,4.1799
368,1201,3.7879
369,1201,3.8378
370,1201,3.7719
371,1205,3.4224
372,1205,3.4382
373,1205,3.4265
374,1205,3.4229
375,1205,3.4289
376,1205,3.5707
377,1206,3.9247
378,1206,4.0292
379,1214,3.3642
380,1214,3.3633
381,1216,3.233
382,1216,3.1824
383,1216,3.1726
384,1217,4.2012
385,1217,4.2899
386,1222,4.1463
387,1222,3.9778
388,1229,3.7774
389,1229,3.764
390,1229,3.7363
391,1232,4.0217
392,1232,4.0249
393,1232,4.0325
394,1232,4.0504
395,1232,4.063
396,1243,3.9687
397,1243,3.9856
398,1243,4.0507
399,1243,4.0556
400,1243,4.0745
401,1243,4.1095
402,1243,4.101
403,1243,4.1092
404,1243,4.1083
405,1243,4.1117
406,1243,4.1119
407,1249,4.0111
408,1249,4.013
409,1249,3.982
410,1251,4.3797
411,1251,4.3142
412,1251,4.3026
413,1252,3.2658
414,1252,3.2999
415,1252,3.3258
416,1252,3.334
417,1252,3.3358
418,1253,3.8571
419,1253,3.8665
420,1253,3.902
421,1253,3.9231
422,1253,3.9253
423,1253,3.9254
424,1254,4.2262
425,1254,4.2186
426,1254,4.2188
427,1254,4.2177
428,1254,4.2195
429,1254,4.2116
430,1254,4.2133
431,1254,4.2051
432,1254,4.2022
433,1256,2.3443
434,1256,2.3375
435,1258,4.5521
436,1258,4.5578
437,1258,4.5655
438,1258,4.5758
439,1258,4.5813
440,1258,4.5822
441,1259,4.5799
442,1259,4.5795
443,1259,4.5861
444,1259,4.6086
445,1261,3.9249
446,1261,3.945
447,1262,3.9598
448,1262,3.9736
449,1262,3.9782
450,1262,3.978
451,1264,4.1881
452,1264,4.2299
453,1264,4.2324
454,1267,3.9433
455,1267,4.008
456,1268,3.8216
457,1268,3.8346
458,1270,4.0955
459,1270,4.1296
460,1270,4.1343
461,1270,4.1412
462,1272,4.0807
463,1272,4.1044
464,1273,3.7698
465,1273,3.7785
466,1273,3.7928
467,1273,3.7963
468,1274,4.3093
469,1274,4.3279
470,1274,4.3475
471,1274,4.3507
472,1275,4.0689
473,1275,4.1127
474,1275,4.1195
475,1276,4.0342
476,1276,4.0451
477,1279,4.0474
478,1279,4.0487
479,1279,4.0498
480,1281,3.687
481,1281,3.6827
482,1281,3.6755
483,1281,3.6662
484,1281,3.66
485,1281,3.6608
486,1281,3.6609
487,1281,3.6474
488,1281,3.6143
489,1281,3.5884
490,1281,3.57
491,1281,3.5638
492,1281,3.5646
493,1281,3.5617
494,1287,3.9524
495,1287,3.9545
496,1287,3.9208
497,1287,3.9524
498,1290,3.6417
499,1290,3.6631
500,1290,3.7085
501,1293,4.1955
502,1293,4.1886
503,1293,4.208
504,1295,3.9905
505,1295,3.9846
506,1295,3.9761
507,1296,4.2314
508,1296,4.2314
509,1296,4.2314
510,1296,4.2154
511,1298,4.0934
512,1298,4.072
513,1300,3.8759
514,1300,3.8874
515,1301,3.8364
516,1301,3.8678
517,1301,3.947
518,1301,3.9648
519,1301,3.9032
520,1302,4.614
521,1302,4.6393
522,1302,4.6901
523,1302,4.7303
524,1302,4.6957
525,1302,4.6863
526,1302,4.6944
527,1302,4.6757
528,1306,3.8358
529,1306,3.8582
530,1306,3.8542
531,1306,3.8961
532,1307,3.7807
533,1307,3.7158
534,1310,3.963
535,1310,3.96
536,1310,3.9057
537,1310,3.8804
538,1311,3.8871
539,1311,3.8909
540,1311,3.893
541,1311,3.8224
542,1311,3.8091
543,1311,3.8112
544,1311,3.8114
545,1313,4.0993
546,1313,4.1119
547,1313,4.1241
548,1313,4.1293
549,1313,4.1761
550,1313,4.1343
551,1313,4.0445
552,1313,4.0536
553,1313,4.056
554,1314,3.9011
555,1314,3.9556
556,1314,3.9575
557,1319,3.914
558,1319,3.914
559,1319,3.9201
560,1319,3.9217
561,1319,3.9444
562,1319,3.949
563,1319,3.9551
564,1319,3.9522
565,1325,3.9657
566,1325,3.9269
567,1325,4.0148
568,1325,4.0245
569,1325,4.026
570,1329,4.4825
571,1329,4.4554
572,1329,4.4435
573,1333,3.7143
574,1333,3.7143
575,1333,3.7143
576,1337,4.5631
577,1337,4.5624
578,1337,4.5418
579,1338,4.319
580,1338,4.3136
581,1338,4.3079
582,1338,4.3071
583,1341,4.0845
584,1341,4.0616
585,1341,4.0618
586,1349,3.2225
587,1349,3.2183
588,1349,3.2121
589,1353,3.47
590,1353,3.4998
591,1354,3.8014
592,1354,3.7643
593,1356,3.8462
594,1356,3.8459
595,1360,4.0848
596,1360,4.089
597,1360,4.089
598,1362,4.014
599,1362,3.9885
600,1362,3.9773
601,1363,4.0502
602,1363,4.0682
603,1363,4.0776
604,1363,4.0822
605,1363,4.0809
606,1363,4.0802
607,1363,4.0817
608,1363,4.0733
609,1363,4.0695
610,1363,4.0664
611,1363,4.1042
612,1363,3.9073
613,1363,3.9023
614,1363,3.9016
615,1365,4.5468
616,1365,4.5962
617,1367,3.5484
618,1367,3.5514
619,1367,3.5409
620,1370,3.7121
621,1370,3.7338
622,1371,3.4793
623,1371,3.4933
624,1371,3.4951
625,1371,3.4995
626,1372,4.0379
627,1372,4.039
628,1372,4.0401
629,1372,4.036
630,1373,4.1966
631,1373,4.2065
632,1375,3.7734
633,1375,3.78
634,1375,3.8132
635,1376,4.112
636,1376,4.1317
637,1377,4.0787
638,1377,4.1376
639,1378,4.4337
640,1378,4.4466
641,1378,4.4516
642,1379,4.0249
643,1379,4.0335
644,1380,4.524
645,1380,4.5631
646,1380,4.5635
647,1381,3.8016
648,1381,3.7786
649,1382,3.07
650,1382,3.0984
651,1385,3.2515
652,1385,3.2245
653,1386,4.1574
654,1386,4.1744
655,1386,4.1578
656,1388,3.5355
657,1388,3.5266
658,1388,3.5262
659,1388,3.5265
660,1388,3.5255
661,1388,3.5043
662,1388,3.5027
663,1388,3.5026
664,1388,3.4992
665,1388,3.4994
666,1388,3.4926
667,1388,3.4937
668,1388,3.4942
669,1390,4.0732
670,1390,4.1148
671,1391,4.237
672,1391,4.2272
673,1393,4.1048
674,1393,4.0954
675,1395,3.65
676,1395,3.6517
677,1395,3.654
678,1395,3.6608
679,1395,3.6615
680,1395,3.663
681,1395,3.6641
682,1395,3.669
683,1396,3.8349
684,1396,3.8489
685,1396,3.8516
686,1398,4.1631
687,1398,4.1953
688,1398,4.1762
689,1398,4.1773
690,1398,4.1768
691,1398,4.169
692,1399,4.3764
693,1399,4.3771
694,1399,4.3767
695,1399,4.3767
696,1399,4.3771
697,1399,4.378
698,1401,4.3165
699,1401,4.3144
700,1401,4.3144
701,1401,4.3128
702,1401,4.315
703,1401,4.3163
704,1401,4.3173
705,1401,4.3169
706,1401,4.3151
707,1401,4.3154
708,1401,4.3099
709,1401,4.3088
710,1401,4.2937
711,1402,3.6201
712,1402,3.8116
713,1402,3.7966
714,1404,3.6667
715,1404,3.8182
716,1404,3.8182
717,1405,3.4433
718,1405,3.464
719,1405,3.4698
720,1405,3.4889
721,1405,3.4961
722,1405,3.4993
723,1406,5.0
724,1406,3.6667
725,1407,3.7564
726,1407,3.7451
727,1407,3.7362
728,1407,3.7328
729,1407,3.7271
730,1407,3.7232
731,1407,3.717
732,1407,3.7092
733,1407,3.6863
734,1407,3.6846
735,1407,3.6813
736,1408,3.4766
737,1408,3.4728
738,1408,3.4529
739,1408,3.449
740,1408,3.4341
741,1409,3.8201
742,1409,3.804
743,1409,3.7989
744,1409,3.7897
745,1409,3.7784
746,1409,3.7504
747,1409,3.7465
748,1409,3.739
749,1409,3.7189
750,1409,3.7141
751,1410,4.2106
752,1410,4.3175
753,1410,4.3197
754,1411,3.8131
755,1411,3.8159
756,1411,3.8175
757,1412,3.7407
758,1412,3.7065
759,1413,4.2027
760,1413,4.2266
761,1413,4.2333
762,1413,4.2742
763,1413,4.2864
764,1413,4.2949
765,1413,4.2991
766,1413,4.3117
767,1413,4.3164
768,1413,4.3193
769,1413,4.411
770,1413,4.4144
771,1413,4.4149
772,1413,4.4135
773,1414,3.589
774,1414,3.5882
775,1414,3.5898
776,1414,3.5854
777,1414,3.6422
778,1414,3.6313
779,1414,3.6402
780,1414,3.699
781,1414,3.9164
782,1416,4.5882
783,1416,4.5882
784,1422,4.2854
785,1422,4.2994
786,1422,4.307
787,1422,4.3051
788,1422,4.3069
789,1422,4.3082
790,1422,4.3149
791,1422,4.3118
792,1423,4.3799
793,1423,4.3825
794,1423,4.3841
795,1423,4.3863
796,1423,4.3889
797,1423,4.3945
798,1423,4.3981
799,1423,4.4009
800,1423,4.4034
801,1423,4.4043
802,1423,4.4197
803,1423,4.4204
804,1423,4.4293
805,1423,4.4248
806,1424,4.6203
807,1424,4.6169
808,1424,4.6133
809,1424,4.6052
810,1425,4.1815
811,1425,4.183
812,1425,4.1905
813,1425,4.2194
814,1425,4.2123
815,1426,4.4729
816,1426,4.4919
817,1632,4.1862
818,1632,4.1761
819,1683,3.3138
820,1683,3.3195
821,1791,4.7317
822,1791,4.7381
823,1806,4.0656
824,1806,4.0656
825,1866,4.4614
826,1866,4.4525
827,1872,3.4069
828,1872,3.4158
829,1874,4.4738
830,1874,4.4763
831,1881,4.5556
832,1881,4.5556
833,1928,4.0901
834,1928,4.0894
835,1928,4.0894
836,1928,4.0876
837,1928,4.0864
838,1928,4.0862
839,1928,4.0867
840,1928,4.0879
841,1931,3.9248
842,1931,3.9459
843,1931,3.8921
844,1933,4.3983
845,1933,4.4033
846,1933,4.4049
847,1933,4.4157
848,1933,4.4157
849,1933,4.4195
850,1933,4.4206
851,1933,4.4269
852,1934,4.2831
853,1934,4.292
854,1934,4.2941
855,1934,4.2972
856,1934,4.301
857,1934,4.3005
858,1934,4.2981
859,1934,4.2985
860,1934,4.3085
861,1934,4.3139
862,1935,4.6667
863,1935,4.6667
864,1936,4.115
865,1936,4.2264
866,1937,3.7234
867,1937,3.7934
868,1941,4.4713
869,1941,4.4688
870,1941,4.4616
871,1941,4.456
872,1941,4.4377
873,1941,4.3843
874,1941,4.3763
875,1943,4.3777
876,1943,4.3594
877,1943,4.3507
878,1943,4.2725
879,1943,4.2465
880,1943,4.198
881,1943,4.2072
882,1943,4.212
883,1944,4.3142
884,1944,4.3227
885,1950,3.6342
886,1950,3.6834
887,1951,4.25
888,1951,4.25
889,1954,3.4
890,1954,3.25
891,1958,4.2083
892,1958,4.1786
893,1961,3.321
894,1961,3.3657
895,1961,3.3769
896,1962,3.9834
897,1962,3.9947
898,1962,4.0
899,1964,3.929
900,1964,3.9363
901,1964,3.9023
902,1966,3.8766
903,1966,3.8806
904,1966,3.889
905,1966,3.8725
906,1966,3.8801
907,1966,3.8831
908,1966,3.919
909,1967,4.1673
910,1967,4.1791
911,1967,4.1836
912,1967,4.1882
913,1967,4.1788
914,1967,4.1777
915,1967,4.1778
916,1967,4.1728
917,1968,3.9582
918,1968,3.9716
919,1969,3.5141
920,1969,3.5241
921,1969,3.5277
922,1970,4.0274
923,1970,3.9906
924,1972,4.2118
925,1972,4.2449
926,1972,4.2864
927,1972,4.2877
928,1973,3.641
929,1973,3.679
930,1974,4.2614
931,1974,4.2409
932,1974,4.2328
933,1976,3.9741
934,1976,3.7955
935,1977,4.042
936,1977,4.0781
937,1977,4.0986
938,1978,4.039
939,1978,4.071
940,1980,4.0674
941,1980,4.0982
942,1980,4.1115
943,1982,3.5287
944,1982,3.5472
945,1982,3.5564
946,1985,3.4005
947,1985,3.3661
948,1988,3.1093
949,1988,3.1167
950,1989,4.2288
951,1989,4.2288
952,1990,4.123
953,1990,4.1395
954,1991,3.6173
955,1991,3.6184
956,1991,3.6109
957,1993,3.7215
958,1993,3.7122
959,1993,3.7282
960,1997,4.2091
961,1997,4.2292
962,1997,4.2423
963,1997,4.2192
964,1998,4.1899
965,1998,4.2166
966,1999,3.7441
967,1999,3.7577
968,2000,4.2346
969,2000,4.2392
970,2000,4.2088
971,2000,4.3769
972,2001,3.8949
973,2001,3.9286
974,2001,3.9333
975,2001,3.9198
976,2001,3.8839
977,2002,4.6667
978,2002,4.6667
979,2002,4.6667
980,2005,4.0
981,2005,3.7778
982,2007,4.2763
983,2007,4.3075
984,2009,4.033
985,2009,4.0604
986,2009,4.0576
987,2010,4.2691
988,2010,4.2644
989,2015,4.0247
990,2015,4.0682
991,2015,4.0678
992,2016,4.0877
993,2016,4.0761
994,2023,4.0249
995,2023,4.0284
996,2023,4.0164
997,2024,3.5341
998,2024,3.5536
999,2024,3.5571
1000,2026,3.2504
1001,2026,3.2606
1002,2026,3.2802
1003,2027,3.7699
1004,2027,3.7874
1005,2027,3.8772
1006,2029,4.239
1007,2029,4.2459
1008,2029,4.2517
1009,2029,4.2517
1010,2029,4.2354
1011,2029,4.2248
1012,2029,4.2325
1013,2035,4.0363
1014,2035,4.044
1015,2035,4.0531
1016,2035,4.0556
1017,2035,4.0703
1018,2035,4.0728
1019,2043,4.1561
1020,2043,4.157
1021,2043,4.1612
1022,2043,4.1689
1023,2043,4.2168
1024,2043,4.2781
1025,2045,3.5393
1026,2045,3.55
1027,2045,3.5515
1028,2045,3.5605
1029,2045,3.563
1030,2045,3.5706
1031,2045,3.5759
1032,2046,3.9316
1033,2046,3.8775
1034,2046,3.8777
1035,2046,3.8439
1036,2046,3.8216
1037,2046,3.7931
1038,2054,4.8543
1039,2054,4.8397
1040,2055,4.4877
1041,2055,4.5465
1042,2058,4.4286
1043,2058,4.4468
1044,2058,4.4118
1045,2059,3.3638
1046,2059,3.3845
1047,2059,3.4498
1048,2060,4.0662
1049,2060,4.09
1050,2063,4.4834
1051,2063,4.4852
1052,2063,4.4804
1053,2063,4.4774
1054,2063,4.4789
1055,2065,3.8854
1056,2065,3.9496
1057,2069,4.1019
1058,2069,4.1141
1059,2069,4.1324
1060,2069,4.1307
1061,2069,4.1357
1062,2069,4.1373
1063,2075,4.5537
1064,2075,4.5543
1065,2075,4.5524
1066,2075,4.5522
1067,2075,4.5531
1068,2075,4.5479
1069,2077,4.0228
1070,2077,4.0063
1071,2091,3.6523
1072,2091,3.6548
1073,2093,3.6307
1074,2093,3.6453
1075,2093,3.6196
1076,2095,4.0606
1077,2095,4.0776
1078,2102,3.8571
1079,2102,3.875
1080,2105,3.8
1081,2105,3.9412
1082,2109,4.2171
1083,2109,4.2169
1084,2109,4.2173
1085,2109,4.2166
1086,2109,4.2138
1087,2109,4.2168
1088,2109,4.2174
1089,2110,4.1867
1090,2110,4.1143
1091,2116,4.1195
1092,2116,4.1301
1093,2116,4.1396
1094,2116,4.1434
1095,2116,4.1429
1096,2116,4.1465
1097,2116,4.1478
1098,2116,4.1598
1099,2117,3.7971
1100,2117,3.8046
1101,2117,3.8171
1102,2117,3.8081
1103,2117,3.8057
1104,2117,3.8065
1105,2117,3.8032
1106,2117,3.8101
1107,2118,3.9458
1108,2118,3.9549
1109,2119,3.863
1110,2119,3.8646
1111,2119,3.8757
1112,2120,3.5456
1113,2120,3.5559
1114,2120,3.5549
1115,2120,3.5798
1116,2121,3.7371
1117,2121,3.745
1118,2121,3.7397
1119,2121,3.7776
1120,2122,4.2108
1121,2122,4.2155
1122,2122,4.2202
1123,2122,4.2298
1124,2122,4.2394
1125,2122,4.2383
1126,2122,4.2393
1127,2122,4.2314
1128,2122,4.23
1129,2122,4.2221
1130,2123,3.8778
1131,2123,3.8949
1132,2123,3.9292
1133,2123,3.9334
1134,2123,3.9352
1135,2123,3.9405
1136,2124,4.2822
1137,2124,4.2899
1138,2124,4.2823
1139,2125,4.2792
1140,2125,4.2788
1141,2125,4.2789
1142,2125,4.3075
1143,2125,4.3095
1144,2125,4.3147
1145,2125,4.3272
1146,2125,4.3287
1147,2126,3.9433
1148,2126,3.9463
1149,2126,3.9475
1150,2126,3.9548
1151,2127,3.7613
1152,2127,3.7707
1153,2127,3.7808
1154,2127,3.7861
1155,2127,3.786
1156,2127,3.7875
1157,2127,3.8022
1158,2127,3.8164
1159,2131,3.7633
1160,2131,3.767
1161,2142,3.9831
1162,2142,3.9928
1163,2142,3.9989
1164,2143,3.4699
1165,2143,3.4824
1166,2143,3.4943
1167,2143,3.5692
1168,2143,3.5634
1169,2143,3.5944
1170,2143,3.6187
1171,2143,3.6341
1172,2143,3.7006
1173,2143,3.6981
1174,2143,3.6978
1175,2143,3.6944
1176,2144,4.2223
1177,2144,4.2272
1178,2144,4.225
1179,2144,4.2257
1180,2144,4.2259
1181,2148,3.8684
1182,2148,3.766
1183,2151,3.8454
1184,2151,3.8436
1185,2151,3.8425
1186,2152,3.8944
1187,2152,3.9203
1188,2152,3.9246
1189,2152,3.9351
1190,2154,4.0481
1191,2154,4.0684
1192,2154,4.0721
1193,2154,4.0793
1194,2155,4.4354
1195,2155,4.4381
1196,2157,3.9646
1197,2157,3.972
1198,2157,4.0123
1199,2157,4.029
1200,2158,3.4778
1201,2158,3.4876
1202,2159,4.072
1203,2159,4.0765
1204,2159,4.0888
1205,2160,4.0239
1206,2160,4.0318
1207,2160,4.0545
1208,2161,4.0623
1209,2161,4.0691
1210,2162,4.1329
1211,2162,4.1413
1212,2162,4.1407
1213,2162,4.1367
1214,2162,4.1434
1215,2164,4.1342
1216,2164,4.1388
1217,2164,4.1395
1218,2164,4.1378
1219,2164,4.1376
1220,2164,4.1364
1221,2164,4.127
1222,2164,4.1052
1223,2164,4.1052
1224,2164,4.1042
1225,2164,4.1039
1226,2164,4.1038
1227,2164,4.1039
1228,2165,4.1334
1229,2165,4.1456
1230,2168,4.4623
1231,2168,4.4606
1232,2168,4.4617
1233,2168,4.4601
1234,2168,4.4583
1235,2168,4.4488
1236,2168,4.4487
1237,2170,4.6085
1238,2170,4.6257
1239,2170,4.6289
1240,2170,4.6339
1241,2170,4.6359
1242,2170,4.6368
1243,2170,4.639
1244,2170,4.6407
1245,2170,4.6475
1246,2170,4.6487
1247,2170,4.6508
1248,2170,4.6512
1249,2170,4.6546
1250,2170,4.6558
1251,2170,4.6587
1252,2170,4.66
1253,2170,4.6621
1254,2170,4.6626
1255,2172,4.2675
1256,2172,4.2605
1257,2172,4.2501
1258,2172,4.2463
1259,2172,4.2455
1260,2172,4.244
1261,2172,4.2439
1262,2172,4.2432
1263,2173,4.6074
1264,2173,4.607
1265,2173,4.605
1266,2173,4.6041
1267,2173,4.6036
1268,2173,4.6014
1269,2173,4.6007
1270,2173,4.6
1271,2173,4.5995
1272,2173,4.5983
1273,2173,4.5973
1274,2173,4.597
1275,2173,4.5955
1276,2173,4.5939
1277,2173,4.5932
1278,2175,4.2965
1279,2175,4.303
1280,2175,4.3048
1281,2175,4.308
1282,2175,4.3087
1283,2175,4.3089
1284,2175,4.3087
1285,2175,4.3093
1286,2175,4.3089
1287,2175,4.3043
1288,2175,4.3063
1289,2175,4.3062
1290,2175,4.3068
1291,2175,4.3062
1292,2175,4.3049
1293,2175,4.3043
1294,2175,4.305
1295,2175,4.3043
1296,2175,4.3047
1297,2175,4.3054
1298,2176,3.8285
1299,2176,3.833
1300,2177,4.1042
1301,2177,4.1116
1302,2177,4.1072
1303,2179,3.9303
1304,2179,3.9297
1305,2179,4.0478
1306,2179,4.05
1307,2179,4.1395
1308,2179,4.1622
1309,2179,4.1999
1310,2179,4.2019
1311,2179,4.2211
1312,2191,3.734
1313,2191,3.7338
1314,2191,3.7919
1315,2191,3.8251
1316,2191,3.8249
1317,2196,4.2479
1318,2196,4.234
1319,2196,4.2313
1320,2196,4.2348
1321,2196,4.2408
1322,2196,4.2472
1323,2196,4.2501
1324,2197,3.9717
1325,2197,3.9723
1326,2197,3.99
1327,2197,3.9899
1328,2197,3.9904
1329,2197,3.9956
1330,2197,3.9995
1331,2197,4.0034
1332,2363,4.197
1333,2363,4.2113
1334,2363,4.2192
1335,2368,4.0969
1336,2368,4.1044
1337,2370,4.1655
1338,2370,4.1761
1339,2372,4.0793
1340,2372,4.0849
1341,2373,4.0863
1342,2373,4.0918
1343,2374,3.9965
1344,2374,4.0054
1345,2374,4.0077
1346,2376,4.177
1347,2376,4.184
1348,2382,4.0623
1349,2382,4.0777
1350,2382,4.0765
1351,2383,4.0953
1352,2383,4.0979
1353,2384,4.2154
1354,2384,4.2213
1355,2389,2.8787
1356,2389,2.8932
1357,2392,3.4891
1358,2392,3.4423
1359,2393,4.4044
1360,2393,4.4162
1361,2399,4.1881
1362,2399,4.1857
1363,2406,4.1042
1364,2406,4.1044
1365,2407,3.7369
1366,2407,3.7646
1367,2413,4.3003
1368,2413,4.3145
1369,2413,4.3195
1370,2418,4.6218
1371,2418,4.6221
1372,2423,3.9237
1373,2423,3.9368
1374,2423,3.9347
1375,2426,4.3261
1376,2426,4.3137
1377,2436,3.9875
1378,2436,3.9564
1379,2437,4.0
1380,2437,4.0
1381,2438,4.3569
1382,2438,4.4071
1383,2441,4.4748
1384,2441,4.5142
1385,2463,3.7455
1386,2463,3.8119
1387,2476,4.0526
1388,2476,3.9828
1389,2480,4.181
1390,2480,4.1475
1391,2481,4.1855
1392,2481,4.1662
1393,2492,3.5881
1394,2492,3.6147
1395,2498,4.1986
1396,2498,4.2026
1397,2500,4.3564
1398,2500,4.3742
1399,2502,4.0713
1400,2502,4.0779
1401,2519,3.3144
1402,2519,3.2207
1403,2521,4.2857
1404,2521,4.3889
1405,2532,3.6307
1406,2532,3.7163
1407,2535,3.7742
1408,2535,3.7877
1409,2537,3.7041
1410,2537,3.6994
1411,2540,3.4159
1412,2540,3.4314
1413,2542,3.381
1414,2542,3.3585
1415,2543,4.1024
1416,2543,4.1702
1417,2544,3.9594
1418,2544,3.9741
1419,2548,3.8649
1420,2548,3.8519
1421,2555,4.1667
1422,2555,4.3333
1423,2556,3.5237
1424,2556,3.5413
1425,2561,4.3333
1426,2561,4.3333
1427,2563,3.099
1428,2563,3.0999
1429,2564,4.4321
1430,2564,4.475
1431,2569,3.5772
1432,2569,3.6619
1433,2570,3.666
1434,2570,3.8009
1435,2571,3.3266
1436,2571,3.2756
1437,2574,4.0
1438,2574,4.0
1439,2575,4.0621
1440,2575,4.0961
1441,2576,3.0
1442,2576,3.2
1443,2577,3.6921
1444,2577,3.7265
1445,2580,3.1677
1446,2580,3.1504
1447,2582,4.0232
1448,2582,4.136
1449,2587,3.6328
1450,2587,3.6245
1451,2588,3.4646
1452,2588,3.4826
1453,2589,3.5882
1454,2589,3.6272
1455,2590,3.6922
1456,2590,3.7002
1457,2594,4.7527
1458,2594,4.7626
1459,2615,3.8658
1460,2615,3.8992
1461,2618,3.4684
1462,2618,3.5006
1463,2619,3.7006
1464,2619,3.6162
1465,2623,3.7151
1466,2623,3.74
1467,2624,3.43
1468,2624,3.4352
1469,2627,4.2549
1470,2627,4.2406
1471,2630,3.5133
1472,2630,3.5006
1473,2634,3.4378
1474,2634,3.4147
1475,2645,4.1704
1476,2645,4.3228
1477,2648,4.2106
1478,2648,4.2036
1479,2652,4.6483
1480,2652,4.6637
1481,2666,3.8703
1482,2666,3.8442
1483,2675,0.0
1484,2675,5.0
1485,2679,3.5
1486,2679,3.4167
1487,2692,4.2713
1488,2692,4.3022
1489,2695,5.0
1490,2695,5.0
1491,2699,4.3333
1492,2699,4.3039
1493,2700,4.4375
1494,2700,4.4714
1495,2703,4.2778
1496,2703,4.1846
1497,2704,3.9505
1498,2704,4.0911
1499,2712,3.5169
1500,2712,3.582
1501,2717,4.087
1502,2717,4.1379
1503,2719,4.0526
1504,2719,3.9675
1505,2732,4.2907
1506,2732,4.2882
1507,2738,3.6816
1508,2738,3.6817
1509,2739,4.4961
1510,2739,4.509
1511,2740,3.6423
1512,2740,3.5667
1513,2741,3.9937
1514,2741,3.9857
1515,2750,3.9034
1516,2750,3.8852
1517,2752,3.5599
1518,2752,3.5582
1519,2756,4.1749
1520,2756,4.1945
1521,2757,4.1204
1522,2757,4.1829
1523,2762,4.5451
1524,2762,4.5094
1525,2779,4.0663
1526,2779,4.0636
1527,2780,4.3582
1528,2780,4.1605
1529,2785,3.5167
1530,2785,3.5383
1531,2786,4.421
1532,2786,4.4014
1533,2790,3.4798
1534,2790,3.4699
1535,2792,4.538
1536,2792,4.5814
1537,2794,4.058
1538,2794,4.0473
1539,2797,3.1
1540,2797,3.1
1541,2799,3.9147
1542,2799,3.9252
1543,2800,3.8197
1544,2800,3.8283
1545,2807,4.7143
1546,2807,4.76
1547,2809,3.9085
1548,2809,4.1053
1549,2810,3.8073
1550,2810,3.7409
1551,2814,4.1482
1552,2814,4.178
1553,2824,4.1456
1554,2824,4.0902
1555,2827,3.1566
1556,2827,3.2207
1557,2836,3.6264
1558,2836,3.6499
1559,2849,4.388
1560,2849,4.2766
1561,2860,4.6346
1562,2860,4.628
1563,2867,3.5003
1564,2867,3.4156
1565,2869,4.1887
1566,2869,4.2085
1567,2874,4.1591
1568,2874,3.9643
1569,2883,4.1
1570,2883,4.1
1571,2897,3.451
1572,2897,3.3143
1573,2900,3.68
1574,2900,3.6923
1575,2905,3.5983
1576,2905,3.6166
1577,2915,3.8133
1578,2915,3.8121
1579,2925,3.6208
1580,2925,3.6583
1581,2925,3.6559
1582,2935,3.9483
1583,2935,4.0469
1584,2936,3.57
1585,2936,3.6048
1586,2937,3.8806
1587,2937,3.9277
1588,2940,4.0256
1589,2940,4.06
1590,2941,4.2646
1591,2941,4.2641
1592,2941,4.2629
1593,2941,4.2657
1594,2942,3.4406
1595,2942,3.3929
1596,2942,3.3739
1597,2943,3.8395
1598,2943,3.8554
1599,2943,3.8908
1600,2943,3.9114
1601,2945,4.0582
1602,2945,4.0486
1603,2945,4.0449
1604,2945,4.0412
1605,2945,4.0382
1606,2947,3.9337
1607,2947,3.9514
1608,2948,3.667
1609,2948,3.6954
1610,2948,3.7462
1611,2953,4.1421
1612,2953,4.1756
1613,2953,4.1912
1614,2953,4.2024
1615,2955,4.055
1616,2955,4.0687
1617,2955,4.0788
1618,2955,4.084
1619,2957,4.0872
1620,2957,4.1074
1621,2957,4.1142
1622,2957,4.1207
1623,2957,4.1261
1624,2957,4.1328
1625,2962,4.2264
1626,2962,4.2512
1627,2962,4.2831
1628,2962,4.295
1629,2962,4.3044
1630,2962,4.3212
1631,2963,4.4774
1632,2963,4.476
1633,2967,3.563
1634,2967,3.4803
1635,2968,3.9333
1636,2968,3.9768
1637,2968,4.0249
1638,2988,4.2196
1639,2988,4.2438
1640,3021,3.6636
1641,3021,3.6653
1642,3024,4.0002
1643,3024,3.9755
1644,3038,4.2265
1645,3038,4.2565
1646,3054,4.3049
1647,3054,4.3069
1648,3054,4.2927
1649,3064,3.8421
1650,3064,3.7387
1651,3072,4.1786
1652,3072,4.2812
1653,3076,4.0753
1654,3076,4.0561
1655,3081,4.4933
1656,3081,4.4909
1657,3081,4.4778
1658,3082,3.9777
1659,3082,3.9739
1660,3084,3.9857
1661,3084,3.9948
1662,3084,3.9961
1663,3092,3.4711
1664,3092,3.4788
1665,3101,4.5714
1666,3101,4.5556
1667,3101,4.558
1668,3101,4.5612
1669,3101,4.5706
1670,3101,4.5723
1671,3101,4.5689
1672,3101,4.5538
1673,3111,3.9274
1674,3111,3.9484
1675,3115,4.121
1676,3115,4.1342
1677,3121,4.0803
1678,3121,4.1226
1679,3125,4.2289
1680,3125,4.2381
1681,3130,3.9214
1682,3130,3.9823
1683,3135,4.0367
1684,3135,4.0326
1685,3137,3.7769
1686,3137,3.7522
1687,3139,4.0819
1688,3139,4.093
1689,3139,4.0982
1690,3143,4.1368
1691,3143,4.1569
1692,3149,4.4031
1693,3149,4.4086
1694,3149,4.4191
1695,3149,4.4218
1696,3153,4.0979
1697,3153,4.1131
1698,3154,3.7417
1699,3154,3.7755
1700,3162,3.8244
1701,3162,3.8623
1702,3163,4.1463
1703,3163,4.171
1704,3164,4.0659
1705,3164,4.0824
1706,3167,3.897
1707,3167,3.905
1708,3170,4.0486
1709,3170,4.0726
1710,3174,3.8875
1711,3174,3.8727
1712,3187,4.0846
1713,3187,4.0929
1714,3189,3.296
1715,3189,3.5202
1716,3204,4.2226
1717,3204,4.224
1718,3204,4.2189
1719,3204,4.2098
1720,3218,4.4934
1721,3218,4.5072
1722,3222,4.209
1723,3222,4.2257
1724,3224,3.9731
1725,3224,3.9846
1726,3224,3.995
1727,3228,3.6914
1728,3228,3.7508
1729,3231,4.1234
1730,3231,4.1451
1731,3231,4.1482
1732,3232,4.0704
1733,3232,4.0945
1734,3235,4.227
1735,3235,4.2765
1736,3236,4.2345
1737,3236,4.3031
1738,3239,4.085
1739,3239,4.1067
1740,3242,3.9984
1741,3242,3.9395
1742,3246,4.1405
1743,3246,4.1458
1744,3250,3.0134
1745,3250,3.0034
1746,3253,3.5511
1747,3253,3.5549
1748,3257,3.9225
1749,3257,3.8188
1750,3263,4.2498
1751,3263,4.591
1752,3271,3.3029
1753,3271,3.206
1754,3272,4.0795
1755,3272,4.1129
1756,3273,3.9744
1757,3273,3.9923
1758,3274,4.0121
1759,3274,4.0353
1760,3287,4.0902
1761,3287,4.1122
1762,3329,3.9474
1763,3329,3.9841
1764,3329,4.0002
1765,3367,4.5172
1766,3367,4.5333
1767,3367,4.5625
1768,3427,4.3036
1769,3427,4.3064
1770,3427,4.3084
1771,3432,4.2539
1772,3432,4.1373
1773,3432,4.1121
1774,3444,4.1289
1775,3444,4.129
1776,3477,4.1482
1777,3477,4.1537
1778,3553,3.8994
1779,3553,3.9212
1780,3553,3.9264
1781,3556,3.4302
1782,3556,3.489
1783,3556,3.5067
1784,3556,3.5011
1785,3565,4.0146
1786,3565,4.0409
1787,3565,4.0355
1788,3622,4.4668
1789,3622,4.4664
1790,3714,4.1462
1791,3714,4.1541
1792,3750,4.2404
1793,3750,4.2469
1794,3763,4.158
1795,3763,4.1906
1796,3777,4.2243
1797,3777,4.2265
1798,3777,4.2261
1799,3777,4.2285
1800,3844,3.8269
1801,3844,3.9217
1802,3845,4.2386
1803,3845,4.2332
1804,3848,3.9472
1805,3848,3.9647
1806,3849,4.0439
1807,3849,4.0336
1808,3895,3.995
1809,3895,4.0138
1810,3896,3.5979
1811,3896,3.6104
1812,3897,3.657
1813,3897,3.6554
1814,3898,3.5753
1815,3898,3.5702
1816,3899,4.3355
1817,3899,4.1838
1818,3902,3.8026
1819,3902,3.8206
1820,3905,3.4914
1821,3905,3.5405
1822,3906,3.6576
1823,3906,3.656
1824,3907,3.7109
1825,3907,3.7229
1826,3910,3.4299
1827,3910,3.4239
1828,3911,3.8701
1829,3911,3.9643
1830,3912,3.095
1831,3912,3.1197
1832,3913,3.3674
1833,3913,3.32
1834,3914,3.7658
1835,3914,3.7504
1836,4084,3.8529
1837,4084,3.8857
1838,4088,4.6383
1839,4088,4.6384
1840,4102,4.3074
1841,4102,4.3235
1842,4103,4.2124
1843,4103,4.212
1844,4104,3.7771
1845,4104,3.772
1846,4105,3.6529
1847,4105,3.6488
1848,4115,3.6667
1849,4115,3.0
1850,4116,3.9877
1851,4116,3.994
1852,4118,3.8205
1853,4118,3.7624
1854,4147,3.7708
1855,4147,3.756
1856,4164,4.4076
1857,4164,4.4091
1858,4170,3.6599
1859,4170,3.6232
1860,4172,3.6181
1861,4172,3.6262
1862,4208,3.2857
1863,4208,3.6667
1864,4243,5.0
1865,4243,5.0
1866,4244,5.0
1867,4244,5.0
1868,4263,4.4462
1869,4263,4.467
1870,4275,4.2644
1871,4275,4.2574
1872,4277,4.3091
1873,4277,4.3114
1874,4277,4.3114
1875,4358,3.739
1876,4358,3.74
1877,4362,4.2166
1878,4362,4.2146
1879,4363,4.0655
1880,4363,4.0665
1881,4472,4.4339
1882,4472,4.4374
1883,4476,3.7758
1884,4476,3.7873
1885,4479,3.6279
1886,4479,3.649
1887,4543,4.2248
1888,4543,4.2458
1889,4544,3.1423
1890,4544,3.1478
1891,4544,3.1447
1892,4546,3.6736
1893,4546,3.6929
1894,4550,3.888
1895,4550,3.9294
1896,4551,4.152
1897,4551,4.1678
1898,4552,3.2061
1899,4552,3.2302
1900,4554,4.1349
1901,4554,4.173
1902,4555,4.482
1903,4555,4.4938
1904,4555,4.5216
1905,4559,3.1315
1906,4559,3.1334
1907,4560,3.9056
1908,4560,3.9348
1909,4561,3.8683
1910,4561,3.9238
1911,4562,3.9906
1912,4562,4.043
1913,4565,3.868
1914,4565,3.9098
1915,4568,3.4
1916,4568,3.8
1917,4569,3.9932
1918,4569,4.0795
1919,4570,4.2144
1920,4570,4.317
1921,4573,3.4082
1922,4573,3.4245
1923,4573,3.7119
1924,4579,2.9935
1925,4579,2.8664
1926,4580,4.5533
1927,4580,4.5665
1928,4580,4.5615
1929,4582,4.1593
1930,4582,4.1725
1931,4582,4.182
1932,4583,4.3922
1933,4583,4.352
1934,4584,4.6345
1935,4584,4.6175
1936,4584,4.5887
1937,4587,4.4571
1938,4587,4.4555
1939,4587,4.5033
1940,4590,4.3273
1941,4590,4.3333
1942,4590,4.3348
1943,4592,4.0291
1944,4592,4.0207
1945,4592,4.1064
1946,4601,4.4263
1947,4601,4.4254
1948,4601,4.4185
1949,4609,4.3564
1950,4609,4.3596
1951,4614,3.8128
1952,4614,3.8832
1953,4616,4.2728
1954,4616,4.2611
1955,4622,4.0857
1956,4622,4.1576
1957,4623,3.8795
1958,4623,3.886
1959,4626,4.3651
1960,4626,4.3858
1961,4628,3.7704
1962,4628,3.8079
1963,4629,3.7016
1964,4629,3.9054
1965,4630,2.8387
1966,4630,3.0
1967,4632,4.2193
1968,4632,4.255
1969,4637,4.2133
1970,4637,4.2137
1971,4638,1.0363
1972,4638,1.2712
1973,4639,4.5737
1974,4639,4.5776
1975,4640,4.2218
1976,4640,4.2147
1977,4643,3.6111
1978,4643,3.6528
1979,4644,4.1621
1980,4644,4.1532
1981,4645,3.0929
1982,4645,2.9189
1983,4646,3.5281
1984,4646,3.4673
1985,4647,4.3571
1986,4647,4.1333
1987,5146,3.8627
1988,5146,3.8735
1989,5154,4.6721
1990,5154,4.6767
1991,5155,4.4444
1992,5155,4.4444
1993,5157,4.1977
1994,5157,4.182
1995,5169,4.1016
1996,5169,4.1249
1997,5176,4.0568
1998,5176,4.0597
1999,5178,4.123
2000,5178,4.1407
2001,5181,3.9983
2002,5181,4.0016
2003,5182,3.5062
2004,5182,3.4654
2005,5183,4.1768
2006,5183,4.1604
2007,5187,4.3957
2008,5187,4.3942
2009,5188,4.2206
2010,5188,4.229
2011,5192,3.7141
2012,5192,3.7439
2013,5195,3.6472
2014,5195,3.7012
2015,5202,4.1293
2016,5202,4.1399
2017,5204,4.2067
2018,5204,4.2308
2019,5212,3.926
2020,5212,3.9368
2021,5846,4.0562
2022,5846,4.0562
2023,5846,4.0597
2024,5857,4.0493
2025,5857,4.0319
2026,5881,3.3333
2027,5881,3.3333
2028,5928,3.9095
2029,5928,3.901
2030,5934,3.9062
2031,5934,3.9079
2032,5947,2.6874
2033,5947,2.6901
2034,5947,2.6927
2035,5954,3.9259
2036,5954,3.9124
2037,5954,3.9362
2038,5954,3.9444
2039,5957,4.595
2040,5957,4.5903
2041,5957,4.5901
2042,5962,4.3152
2043,5962,4.3195
2044,5965,3.0957
2045,5965,3.0389
2046,5968,3.5904
2047,5968,3.5475
2048,5982,4.0408
2049,5982,4.0197
2050,5987,3.528
2051,5987,3.5283
2052,5987,3.5304
2053,5987,3.5323
2054,6005,4.4697
2055,6005,4.4714
2056,6006,4.4184
2057,6006,4.4222
2058,6014,4.5345
2059,6014,4.5391
2060,6016,4.0998
2061,6016,4.1194
2062,6017,2.9689
2063,6017,2.9595
2064,6019,4.2923
2065,6019,4.2905
2066,6019,4.2882
2067,6020,4.362
2068,6020,4.3373
2069,6020,4.3176
2070,6024,3.4558
2071,6024,3.5052
2072,6034,4.2689
2073,6034,4.2802
2074,6050,4.0526
2075,6050,4.0526
2076,6051,4.2118
2077,6051,4.2141
2078,6053,4.1539
2079,6053,4.1504
2080,6066,3.7206
2081,6066,3.7178
2082,6071,4.2267
2083,6071,4.2315
2084,6107,4.9
2085,6107,4.5455
2086,6108,2.6122
2087,6108,2.6981
2088,6126,3.8794
2089,6126,3.888
2090,6389,4.0256
2091,6389,4.0685
2092,6389,4.0803
2093,6389,4.0959
2094,6389,4.1337
2095,6389,4.1412
2096,6389,4.1564
2097,6389,4.1675
2098,6391,4.1479
2099,6391,4.1395
2100,6392,4.3224
2101,6392,4.3306
2102,6393,4.2686
2103,6393,4.2707
2104,6393,4.2714
2105,6394,4.384
2106,6394,4.3942
2107,6397,3.9158
2108,6397,3.8517
2109,6397,3.8172
2110,6397,3.7939
2111,6397,3.7937
2112,6397,3.7908
2113,6397,3.789
2114,6397,3.7925
2115,6397,3.7938
2116,6397,3.7979
2117,6397,3.7955
2118,6397,3.7969
2119,6398,4.4283
2120,6398,4.4312
2121,6398,4.433
2122,6398,4.4269
2123,6398,4.4322
2124,6398,4.4325
2125,6398,4.4348
2126,6399,4.3758
2127,6399,4.381
2128,6399,4.3612
2129,6399,4.3461
2130,6399,4.3449
2131,6399,4.3478
2132,6399,4.3513
2133,6403,4.0984
2134,6403,4.1001
2135,6403,4.1063
2136,6403,4.1079
2137,6403,4.1112
2138,6403,4.1126
2139,6403,4.1181
2140,6403,4.119
2141,6403,4.1206
2142,6403,4.1215
2143,6403,4.1231
2144,6403,4.1237
2145,6403,4.1261
2146,6403,4.127
2147,6403,4.1289
2148,6403,4.1313
2149,6403,4.1315
2150,6407,3.907
2151,6407,3.9056
2152,6407,3.9063
2153,6407,3.8985
2154,6407,3.892
2155,6407,3.892
2156,6407,3.8953
2157,6407,3.8941
2158,6407,3.8942
2159,6408,3.9952
2160,6408,3.8451
2161,6408,3.8215
2162,6410,4.5672
2163,6410,4.5712
2164,6412,4.5468
2165,6412,4.5427
2166,6412,4.5467
2167,6413,4.1474
2168,6413,4.1474
2169,6413,4.11
2170,6413,4.1165
2171,6413,4.0841
2172,6413,4.0364
2173,6413,4.0364
2174,6413,4.0531
2175,6413,4.0614
2176,6413,4.0348
2177,6413,4.0424
2178,6413,4.0242
2179,6414,4.591
2180,6414,4.6017
2181,6414,4.6033
2182,6414,4.603
2183,6414,4.6039
2184,6414,4.6065
2185,6414,4.6085
2186,6414,4.615
2187,6414,4.6172
2188,6414,4.618
2189,6414,4.6199
2190,6414,4.6212
2191,6414,4.6227
2192,6414,4.6235
2193,6414,4.6241
2194,6414,4.6244
2195,6415,3.8065
2196,6415,3.8154
2197,6415,3.8278
2198,6418,4.5614
2199,6418,4.5632
2200,6418,4.5624
2201,6418,4.5608
2202,6418,4.5593
2203,6418,4.5595
2204,6418,4.5586
2205,6418,4.5552
2206,6418,4.5571
2207,6418,4.5567
2208,6418,4.556
2209,6418,4.556
2210,6418,4.5553
2211,6418,4.5551
2212,6421,4.1616
2213,6421,4.1888
2214,6421,4.1825
2215,6422,4.305
2216,6422,4.2797
2217,6422,4.2703
2218,6423,4.4588
2219,6423,4.3949
2220,6423,4.4084
2221,6424,3.6471
2222,6424,3.6857
2223,6425,4.1436
2224,6425,4.1547
2225,6425,4.1455
2226,6425,4.1415
2227,6425,4.1311
2228,6425,4.135
2229,6425,4.1346
2230,6426,4.0636
2231,6426,4.0496
2232,6426,4.0416
2233,6427,3.9741
2234,6427,3.9664
2235,6427,3.9422
2236,6427,3.9206
2237,6427,3.9106
2238,6427,3.8885
2239,6427,3.88
2240,6427,3.9204
2241,6427,3.9592
2242,6427,3.9656
2243,6427,3.9719
2244,6427,3.9814
2245,6431,4.4797
2246,6431,4.4742
2247,6431,4.4692
2248,6431,4.4158
2249,6431,4.353
2250,6431,4.3285
2251,6434,4.4129
2252,6434,4.4131
2253,6434,4.4161
2254,6439,4.6246
2255,6439,4.6262
2256,6439,4.6254
2257,6439,4.6216
2258,6439,4.6198
2259,6439,4.6133
2260,6439,4.6122
2261,6439,4.6095
2262,6439,4.6095
2263,6439,4.6198
2264,6439,4.6267
2265,6439,4.6301
2266,6439,4.6308
2267,6439,4.6318
2268,6439,4.6331
2269,6439,4.6361
2270,6439,4.6389
2271,6443,3.8812
2272,6443,3.888
2273,6471,4.1299
2274,6471,4.1363
2275,6471,4.1362
2276,6474,3.741
2277,6474,3.7402
2278,6474,3.735
2279,6474,3.9067
2280,6474,4.0247
2281,6474,4.1443
2282,6474,4.2433
2283,6474,4.261
2284,6474,4.3016
2285,6474,4.3171
2286,6474,4.3336
2287,6474,4.3432
2288,6476,4.4335
2289,6476,4.434
2290,6476,4.4343
2291,6476,4.4343
2292,6476,4.4344
2293,6476,4.4345
2294,6476,4.4344
2295,6476,4.4347
2296,6476,4.4334
2297,6476,4.432
2298,6476,4.4321
2299,6476,4.4321
2300,6476,4.4327
2301,6476,4.4328
2302,6476,4.4333
2303,6476,4.4311
2304,6476,4.4296
2305,6476,4.4301
2306,6476,4.4301
2307,6477,3.9773
2308,6477,4.0426
2309,6477,4.0426
2310,6479,4.4612
2311,6479,4.4636
2312,6479,4.4644
2313,6479,4.4694
2314,6479,4.4706
2315,6479,4.4735
2316,6479,4.4748
2317,6479,4.4767
2318,6479,4.4767
2319,6479,4.4764
2320,6479,4.4765
2321,6479,4.4765
2322,6479,4.4765
2323,6479,4.4764
2324,6479,4.4764
2325,6482,3.6709
2326,6482,3.6333
2327,6482,3.6329
2328,6483,4.2073
2329,6483,4.2115
2330,6483,4.2105
2331,6486,4.1296
2332,6486,4.1239
2333,6486,4.1222
2334,6486,4.1525
2335,6486,4.1471
2336,6486,4.1417
2337,6486,4.1352
2338,6486,4.1325
2339,6486,4.122
2340,6486,4.1217
2341,6486,4.1491
2342,6486,4.1806
2343,6486,4.1644
2344,6486,4.1672
2345,6486,4.1597
2346,6489,3.8869
2347,6489,3.6959
2348,6493,4.4983
2349,6493,4.4952
2350,6496,3.7681
2351,6496,3.8061
2352,6496,3.8037
2353,6496,3.8019
2354,6497,3.9548
2355,6497,3.9494
2356,6497,3.9471
2357,6497,3.9392
2358,6497,3.9383
2359,6497,3.9393
2360,6502,4.3776
2361,6502,4.3803
2362,6502,4.3852
2363,6502,4.3867
2364,6502,4.3876
2365,6502,4.3887
2366,6502,4.3901
2367,6502,4.3916
2368,6502,4.396
2369,6502,4.4096
2370,6502,4.4132
2371,6502,4.4151
2372,6502,4.4186
2373,6502,4.4231
2374,6502,4.4289
2375,6504,4.4456
2376,6504,4.4439
2377,6510,4.4084
2378,6510,4.4071
2379,6510,4.4068
2380,6510,4.4022
2381,6510,4.4013
2382,6510,4.4002
2383,6510,4.3994
2384,6510,4.3977
2385,6510,4.3964
2386,6510,4.3926
2387,6510,4.3922
2388,6510,4.3916
2389,6510,4.3899
2390,6510,4.3881
2391,6510,4.3863
2392,6510,4.3849
2393,6510,4.3845
2394,6510,4.3834
2395,6511,4.1134
2396,6511,4.0969
2397,6514,3.6435
2398,6514,3.6389
2399,6514,3.6436
2400,6515,4.2997
2401,6515,4.319
2402,6517,4.0526
2403,6517,4.0349
2404,6518,4.3515
2405,6518,4.3509
2406,6519,4.113
2407,6519,4.0979
2408,6519,4.1109
2409,6520,3.9167
2410,6520,3.9119
2411,6520,3.9125
2412,6520,3.9277
2413,6520,3.9244
2414,6521,3.3018
2415,6521,3.3016
2416,6521,3.31
2417,6521,3.3029
2418,6521,3.2863
2419,6521,3.2782
2420,6521,3.2784
2421,6521,3.2702
2422,6521,3.2677
2423,6521,3.267
2424,6524,4.375
2425,6524,4.2683
2426,6525,4.3076
2427,6525,4.2953
2428,6525,4.2849
2429,6526,4.4703
2430,6526,4.4815
2431,6526,4.4837
2432,6526,4.4895
2433,6526,4.4897
2434,6526,4.487
2435,6536,4.0118
2436,6536,4.0118
2437,6537,3.3552
2438,6537,3.3
2439,6538,3.6748
2440,6538,3.6994
2441,6539,4.3366
2442,6539,4.3369
2443,6539,4.3416
2444,6539,4.3306
2445,6539,4.3254
2446,6539,4.3229
2447,6541,3.859
2448,6541,3.8674
2449,6541,3.8655
2450,6541,3.8722
2451,6542,4.2168
2452,6542,4.2198
2453,6542,4.2209
2454,6542,4.2254
2455,6543,3.4824
2456,6543,3.4905
2457,6543,3.4912
2458,6544,3.5698
2459,6544,3.5754
2460,6545,4.545
2461,6545,4.5304
2462,6545,4.5301
2463,6546,4.5512
2464,6546,4.5562
2465,6546,4.5694
2466,6546,4.5715
2467,6546,4.5774
2468,6546,4.5874
2469,6546,4.591
2470,6546,4.5909
2471,6546,4.5951
2472,6546,4.5968
2473,6546,4.6015
2474,6547,4.3223
2475,6547,4.3219
2476,6547,4.3177
2477,6552,3.5188
2478,6552,3.5262
2479,6559,3.846
2480,6559,3.7639
2481,6560,4.5684
2482,6560,4.5684
2483,6560,4.5688
2484,6560,4.5774
2485,6560,4.5849
2486,6560,4.5814
2487,6560,4.5782
2488,6562,4.3239
2489,6562,4.3201
2490,6562,4.3134
2491,6562,4.2884
2492,6562,4.2821
2493,6562,4.2459
2494,6562,4.2074
2495,6562,4.2081
2496,6562,4.2092
2497,6563,4.3064
2498,6563,4.279
2499,6563,4.2703
2500,6563,4.2898
2501,6563,4.3187
2502,6563,4.3233
2503,6563,4.334
2504,6568,4.3574
2505,6568,4.3465
2506,6568,4.346
2507,6568,4.3337
2508,6569,3.75
2509,6569,3.6
2510,6569,2.8571
2511,6570,4.2
2512,6570,3.9167
2513,6570,3.7143
2514,6571,4.1452
2515,6571,4.1315
2516,6572,4.2064
2517,6572,4.2043
2518,6572,4.1987
2519,6572,4.263
2520,6572,4.2613
2521,6572,4.2715
2522,6589,3.5672
2523,6589,3.5707
2524,6590,4.1733
2525,6590,4.1724
2526,6590,4.1711
2527,6594,3.6071
2528,6594,3.6071
2529,6595,3.7441
2530,6595,3.7406
2531,6595,3.746
2532,6596,4.2735
2533,6596,4.2831
2534,6596,4.3013
2535,6596,4.3118
2536,6601,3.7778
2537,6601,3.7778
2538,6601,3.9149
2539,6602,4.5
2540,6602,4.5
2541,6602,4.5
2542,6604,5.0
2543,6604,5.0
2544,6606,4.0703
2545,6606,4.0703
2546,6606,4.0699
2547,6606,4.0773
2548,6608,4.5072
2549,6608,4.5294
2550,6608,4.5596
2551,6608,4.5872
2552,6608,4.5959
2553,6626,4.0942
2554,6626,4.0998
2555,6626,4.1028
2556,6640,4.4463
2557,6640,4.4459
2558,6641,4.3081
2559,6641,4.2895
2560,6655,3.9507
2561,6655,3.9624
2562,6662,3.6615
2563,6662,3.6868
2564,6663,3.1829
2565,6663,3.2921
2566,6665,3.7222
2567,6665,3.7391
2568,6681,3.4464
2569,6681,3.5
2570,6694,4.2226
2571,6694,4.2178
2572,6701,3.8613
2573,6701,3.8626
2574,6723,3.9636
2575,6723,4.0042
2576,6727,4.0052
2577,6727,3.9485
2578,6733,4.5992
2579,6733,4.6037
2580,6736,4.5821
2581,6736,4.5777
2582,6740,4.6935
2583,6740,4.6904
2584,6748,3.139
2585,6748,3.1091
2586,6750,4.1062
2587,6750,4.114
2588,6757,3.6486
2589,6757,3.6549
2590,6763,3.8576
2591,6763,3.9196
2592,6766,4.2685
2593,6766,4.2536
2594,6769,3.8224
2595,6769,3.823
2596,6771,4.1552
2597,6771,4.0803
2598,6772,4.2377
2599,6772,4.2365
2600,6774,3.906
2601,6774,3.9102
2602,6776,4.1112
2603,6776,4.1244
2604,6782,3.7278
2605,6782,3.7251
2606,6784,4.1018
2607,6784,4.0373
2608,6786,4.1409
2609,6786,4.1421
2610,6787,4.1458
2611,6787,4.1417
2612,6788,3.41
2613,6788,3.4059
2614,6789,3.7426
2615,6789,3.75
2616,6790,3.3226
2617,6790,3.3784
2618,6792,3.7521
2619,6792,3.7977
2620,6794,3.6539
2621,6794,3.6686
2622,6808,4.0313
2623,6808,4.0443
2624,6820,4.3737
2625,6820,4.4043
2626,6820,4.4045
2627,6878,4.0889
2628,6878,4.0889
2629,6908,3.936
2630,6908,3.9411
2631,6916,4.2405
2632,6916,4.2405
2633,6971,4.4777
2634,6971,4.478
2635,6982,4.3771
2636,6982,4.3759
2637,6985,4.2631
2638,6985,4.263
2639,6985,4.2661
2640,6991,4.0396
2641,6991,4.0339
2642,6994,3.7029
2643,6994,3.6992
2644,6999,3.6805
2645,6999,3.7012
2646,7019,4.2266
2647,7019,4.2282
2648,7029,3.8487
2649,7029,3.8753
2650,7031,3.9721
2651,7031,4.0051
2652,7044,3.5747
2653,7044,3.5726
2654,7053,4.2432
2655,7053,4.2537
2656,7070,0.0
2657,7070,0.0
2658,7513,4.5256
2659,7513,4.4662
2660,7513,4.4808
2661,7513,4.4334
2662,7514,4.105
2663,7514,4.1046
2664,7514,4.1113
2665,7516,3.7154
2666,7516,3.7309
2667,7516,3.7908
2668,7516,3.8019
2669,7516,3.8056
2670,7521,3.2857
2671,7521,3.1875
2672,7525,3.9924
2673,7525,4.0011
2674,7525,4.0069
2675,7525,4.0
2676,7531,4.0755
2677,7531,4.0661
2678,7532,3.7333
2679,7532,3.6881
2680,7536,3.908
2681,7536,3.9353
2682,7536,3.9419
2683,7536,4.0409
2684,7536,4.0957
2685,7536,4.1065
2686,7536,4.1097
2687,7536,4.1109
2688,7540,3.0
2689,7540,3.0
2690,7543,3.9
2691,7543,3.9
2692,7545,3.5789
2693,7545,3.5
2694,7548,4.7152
2695,7548,4.7403
2696,7549,4.2462
2697,7549,4.2591
2698,7551,3.6706
2699,7551,3.6087
2700,7553,3.8168
2701,7553,3.8206
2702,7557,3.3421
2703,7557,3.3506
2704,7558,3.5385
2705,7558,3.5385
2706,7558,3.5385
2707,7558,3.5385
2708,7562,3.5375
2709,7562,3.5604
2710,7562,3.5671
2711,7562,3.5997
2712,7562,3.5983
2713,7562,3.6215
2714,7566,3.1772
2715,7566,3.1486
2716,7566,3.125
2717,7566,3.1318
2718,7567,3.971
2719,7567,3.9756
2720,7567,3.9635
2721,7567,3.9606
2722,7567,3.9524
2723,7567,3.9525
2724,7568,4.0877
2725,7568,4.0829
2726,7568,4.0922
2727,7568,4.0886
2728,7574,3.2529
2729,7574,3.2472
2730,7574,3.0943
2731,7579,3.5691
2732,7579,3.5839
2733,7580,3.5764
2734,7580,3.6055
2735,7586,3.6888
2736,7586,3.6961
2737,7586,3.8282
2738,7598,3.7357
2739,7598,3.7173
2740,7600,3.9463
2741,7600,3.9542
2742,7602,4.2663
2743,7602,4.2643
2744,7603,4.0159
2745,7603,4.0211
2746,7604,3.9481
2747,7604,3.9568
2748,7605,3.9721
2749,7605,3.9765
2750,7606,3.7607
2751,7606,3.7654
2752,7607,3.5755
2753,7607,3.5776
2754,7609,4.4803
2755,7609,4.4739
2756,7609,4.4689
2757,7609,4.423
2758,7610,3.6207
2759,7610,3.5254
2760,7614,3.8278
2761,7614,3.8411
2762,7614,3.8486
2763,7614,3.8598
2764,7615,4.5167
2765,7615,4.5045
2766,7615,4.5049
2767,7617,3.917
2768,7617,3.9117
2769,7617,3.9071
2770,7620,4.2438
2771,7620,4.2408
2772,7620,4.2394
2773,7620,4.239
2774,7620,4.2392
2775,7620,4.2402
2776,7621,3.9954
2777,7621,4.0015
2778,7622,4.2669
2779,7622,4.2801
2780,7623,4.2674
2781,7623,4.2652
2782,7623,4.2654
2783,7623,4.2643
2784,7623,4.2657
2785,7623,4.2673
2786,7624,4.0624
2787,7624,4.0618
2788,7624,4.0648
2789,7624,4.0652
2790,7627,3.9355
2791,7627,3.9239
2792,7627,3.9518
2793,7629,3.8844
2794,7629,3.8829
2795,7634,4.0936
2796,7634,4.078
2797,7634,4.0771
2798,7634,4.0745
2799,7635,4.5112
2800,7635,4.5098
2801,7635,4.5096
2802,7635,4.5082
2803,7635,4.5154
2804,7637,4.0527
2805,7637,4.0445
2806,7646,3.6206
2807,7646,3.6205
2808,7646,3.6128
2809,7646,3.6137
2810,7646,3.6043
2811,7648,2.8132
2812,7648,2.8277
2813,7648,2.8444
2814,7648,2.8469
2815,7649,3.1838
2816,7649,3.204
2817,7649,3.1962
2818,7653,4.5984
2819,7653,4.594
2820,7653,4.5981
2821,7653,4.5937
2822,7654,4.2336
2823,7654,4.2318
2824,7654,4.2234
2825,7654,4.224
2826,7655,3.8951
2827,7655,3.8956
2828,7655,3.8946
2829,7655,3.8936
2830,7655,3.8926
2831,7657,4.5763
2832,7657,4.5764
2833,7657,4.5747
2834,7659,3.4
2835,7659,3.4242
2836,7661,4.021
2837,7661,4.0028
2838,7661,4.0474
2839,7662,3.7252
2840,7662,3.7883
2841,7662,3.9162
2842,7666,4.2368
2843,7666,4.1528
2844,7666,4.1485
2845,7666,4.2068
2846,7667,4.1477
2847,7667,4.154
2848,7667,4.1558
2849,7667,4.1477
2850,7667,4.1508
2851,7668,4.5188
2852,7668,4.5184
2853,7668,4.5239
2854,7668,4.5232
2855,7668,4.524
2856,7668,4.5236
2857,7668,4.5295
2858,7669,4.0455
2859,7669,4.0048
2860,7669,4.0091
2861,7673,3.9968
2862,7673,3.9845
2863,7673,3.9381
2864,7675,4.049
2865,7675,4.032
2866,7675,4.0196
2867,7678,4.1791
2868,7678,4.1782
2869,7678,4.1721
2870,7680,3.8556
2871,7680,3.8438
2872,7680,3.8425
2873,7682,4.4393
2874,7682,4.4397
2875,7682,4.4409
2876,7682,4.4437
2877,7683,3.8431
2878,7683,3.8347
2879,7692,4.1618
2880,7692,4.1618
2881,7695,3.813
2882,7695,3.8297
2883,7695,3.8407
2884,7697,3.4772
2885,7697,3.5437
2886,7697,3.6936
2887,7698,4.2113
2888,7698,4.1493
2889,7703,4.3453
2890,7703,4.3371
2891,7706,3.2769
2892,7706,3.2803
2893,7708,4.3389
2894,7708,4.3393
2895,7708,4.3321
2896,7708,4.3316
2897,7710,4.3819
2898,7710,4.378
2899,7710,4.398
2900,7713,3.62
2901,7713,3.62
2902,7715,4.3162
2903,7715,4.3187
2904,7715,4.3324
2905,7718,4.0904
2906,7718,4.0827
2907,7720,3.9638
2908,7720,3.963
2909,7721,4.2222
2910,7721,4.1333
2911,7722,4.3687
2912,7722,4.3777
2913,7722,4.3679
2914,7722,4.4035
2915,7724,3.4177
2916,7724,3.1714
2917,7726,4.1333
2918,7726,4.124
2919,7726,4.1188
2920,7727,3.85
2921,7727,3.9583
2922,7727,4.0
2923,7728,3.9763
2924,7728,3.9762
2925,7728,3.9819
2926,7728,3.9822
2927,7728,3.9832
2928,7730,3.8442
2929,7730,3.8352
2930,7736,3.6752
2931,7736,3.6498
2932,7740,4.0909
2933,7740,4.0217
2934,7740,4.0426
2935,7746,4.3569
2936,7746,4.3504
2937,7746,4.3474
2938,7746,4.3486
2939,7749,4.3166
2940,7749,4.3187
2941,7749,4.3216
2942,7768,4.3043
2943,7768,4.3124
2944,7768,4.3113
2945,7771,4.4388
2946,7771,4.4476
2947,7771,4.4564
2948,7771,4.468
2949,7772,4.033
2950,7772,4.0213
2951,7777,4.2225
2952,7777,4.2249
2953,7777,4.2242
2954,7777,4.2189
2955,7777,4.2193
2956,7777,4.2168
2957,7780,4.2278
2958,7780,4.193
2959,7781,3.4657
2960,7781,3.4654
2961,7782,3.6091
2962,7782,3.6138
2963,7789,3.3979
2964,7789,3.3983
2965,7789,3.3954
2966,7790,4.3333
2967,7790,4.3333
2968,7795,4.9263
2969,7795,4.9223
2970,7795,4.9032
2971,7795,4.9191
2972,7795,4.911
2973,7795,4.9064
2974,7800,4.071
2975,7800,4.0695
2976,7800,4.0693
2977,7800,4.0649
2978,7800,4.0648
2979,7800,4.0661
2980,7800,4.0884
2981,7806,4.0303
2982,7806,4.0354
2983,7807,4.1157
2984,7807,4.169
2985,7807,4.202
2986,7812,3.6449
2987,7812,3.6472
2988,7812,3.6512
2989,7815,3.9551
2990,7815,3.9478
2991,7815,3.9201
2992,7817,4.0807
2993,7817,4.0828
2994,7819,4.4762
2995,7819,4.4749
2996,7819,4.472
2997,7819,4.4777
2998,7822,4.0757
2999,7822,4.071
3000,7823,4.0789
3001,7823,4.0769
3002,7826,3.8989
3003,7826,3.9298
3004,7826,3.9398
3005,7826,3.9507
3006,7827,4.4639
3007,7827,4.5128
3008,7827,4.5441
3009,7827,4.59
3010,7829,3.8364
3011,7829,3.8316
3012,7829,3.8292
3013,7829,3.8289
3014,7831,3.8053
3015,7831,3.7784
3016,7831,3.8203
3017,7833,4.4984
3018,7833,4.4783
3019,7833,4.4778
3020,7833,4.4867
3021,7839,3.9658
3022,7839,3.9649
3023,7839,3.9583
3024,7840,4.5236
3025,7840,4.5332
3026,7840,4.5348
3027,7840,4.5436
3028,7840,4.5546
3029,7840,4.5621
3030,7840,4.5736
3031,7844,4.1699
3032,7844,4.1757
3033,7844,4.1774
3034,7846,3.8664
3035,7846,3.9025
3036,7846,4.0269
3037,7846,4.0372
3038,7846,4.0854
3039,7854,3.7
3040,7854,3.7317
3041,7857,4.254
3042,7857,4.2901
3043,7857,4.3379
3044,7857,4.3557
3045,7857,4.3729
3046,7857,4.4063
3047,7858,3.1548
3048,7858,3.1333
3049,7860,4.4881
3050,7860,4.4888
3051,7860,4.4906
3052,7862,4.0535
3053,7862,4.0423
3054,7862,4.0522
3055,7864,3.8485
3056,7864,3.8454
3057,7866,3.913
3058,7866,3.889
3059,7866,3.8878
3060,7866,3.8653
3061,7866,3.8534
3062,7866,3.8665
3063,7866,3.8743
3064,7874,4.281
3065,7874,4.2709
3066,7874,4.3007
3067,7876,4.4502
3068,7876,4.447
3069,7876,4.4491
3070,7876,4.4479
3071,7876,4.4482
3072,7876,4.4509
3073,7880,3.3639
3074,7880,3.386
3075,7880,3.3841
3076,7881,4.0218
3077,7881,4.0211
3078,7881,4.0203
3079,7881,4.0115
3080,7881,4.0012
3081,7881,4.0028
3082,7881,3.9985
3083,7882,3.7616
3084,7882,3.7558
3085,7882,3.7611
3086,7882,3.8036
3087,7882,3.8204
3088,7883,4.1028
3089,7883,4.1055
3090,7883,4.1089
3091,7883,4.1332
3092,7883,4.1443
3093,7883,4.1546
3094,7885,2.3586
3095,7885,2.3606
3096,7885,2.3612
3097,7885,2.3651
3098,7885,2.3671
3099,7885,2.3713
3100,7886,4.1617
3101,7886,4.1749
3102,7886,4.1811
3103,7886,4.2004
3104,7886,4.2055
3105,7886,4.2129
3106,7886,4.2364
3107,7889,4.1371
3108,7889,4.1429
3109,7889,4.1463
3110,7889,4.1546
3111,7901,4.4534
3112,7901,4.4567
3113,7901,4.4576
3114,7901,4.4634
3115,7901,4.4644
3116,7901,4.4695
3117,7901,4.4755
3118,7902,3.2886
3119,7902,3.2508
3120,7902,3.2545
3121,7902,3.21
3122,7903,4.2799
3123,7903,4.2778
3124,7903,4.2749
3125,7904,4.6624
3126,7904,4.6599
3127,7904,4.666
3128,7905,4.2379
3129,7905,4.2274
3130,7905,4.2239
3131,7905,4.2293
3132,7907,3.8347
3133,7907,3.81
3134,7907,3.8142
3135,7909,4.4685
3136,7909,4.4655
3137,7909,4.4754
3138,7909,4.4701
3139,7909,4.4387
3140,7909,4.4713
3141,7909,4.4495
3142,7912,4.2665
3143,7912,4.2673
3144,7912,4.2706
3145,7912,4.2712
3146,7912,4.2705
3147,7912,4.2742
3148,7915,3.1538
3149,7915,3.4
3150,7915,3.4444
3151,7922,4.5987
3152,7922,4.5977
3153,7922,4.5977
3154,7922,4.5975
3155,7922,4.5965
3156,7922,4.5972
3157,7922,4.5982
3158,7923,4.7429
3159,7923,4.7372
3160,7923,4.733
3161,7923,4.7345
3162,7926,4.1783
3163,7926,4.1845
3164,7932,4.1268
3165,7932,4.1287
3166,7932,4.1359
3167,7932,4.1312
3168,7934,3.6
3169,7934,3.5476
3170,7935,4.0242
3171,7935,4.0283
3172,7935,4.0375
3173,7935,4.0398
3174,7935,4.0478
3175,7940,4.2889
3176,7940,4.3501
3177,7944,4.3615
3178,7944,4.3546
3179,7944,4.3461
3180,7944,4.3453
3181,7944,4.3435
3182,7944,4.3396
3183,7945,4.408
3184,7945,4.3847
3185,7946,4.412
3186,7946,4.405
3187,7946,4.4068
3188,7946,4.4065
3189,7950,4.2357
3190,7950,4.2463
3191,7950,4.2441
3192,7950,4.2712
3193,7950,4.2905
3194,7950,4.3109
3195,7950,4.3419
3196,7954,4.2765
3197,7954,4.2817
3198,7954,4.2801
3199,7954,4.2797
3200,7954,4.2854
3201,7954,4.289
3202,7954,4.2919
3203,7955,4.1239
3204,7955,4.1162
3205,7955,4.1031
3206,7955,4.1045
3207,7958,4.2004
3208,7958,4.1974
3209,7958,4.1972
3210,7958,4.189
3211,7962,4.0385
3212,7962,4.0262
3213,7965,4.3716
3214,7965,4.3637
3215,7965,4.3633
3216,7973,4.4668
3217,7973,4.4736
3218,7973,4.4805
3219,7973,4.4828
3220,7973,4.4905
3221,7976,4.259
3222,7976,4.2788
3223,7976,4.2956
3224,7976,4.2927
3225,7976,4.3169
3226,7976,4.3026
3227,7977,4.0607
3228,7977,4.0774
3229,7980,4.2936
3230,7980,4.2882
3231,7980,4.2877
3232,7980,4.285
3233,7982,4.0859
3234,7982,4.0927
3235,7982,4.0966
3236,7982,4.1068
3237,7982,4.1143
3238,7984,4.7382
3239,7984,4.7173
3240,7986,4.0955
3241,7986,4.0827
3242,7987,4.4243
3243,7987,4.425
3244,7987,4.3677
3245,7987,4.3688
3246,7987,4.3601
3247,7988,4.623
3248,7988,4.6291
3249,7988,4.6297
3250,7988,4.6378
3251,7988,4.6465
3252,7988,4.6592
3253,7989,4.1031
3254,7989,4.1006
3255,7989,4.1017
3256,7989,4.1014
3257,7993,3.6639
3258,7993,3.6792
3259,7993,3.6482
3260,7993,3.6492
3261,7993,3.6554
3262,7993,3.6375
3263,7995,4.0602
3264,7995,4.0752
3265,7995,4.0774
3266,7995,4.0784
3267,7995,4.0812
3268,7995,4.0812
3269,7995,4.0435
3270,8000,4.1838
3271,8000,4.1835
3272,8008,4.1009
3273,8008,4.1136
3274,8016,3.8455
3275,8016,3.8452
3276,8027,3.984
3277,8027,4.0058
3278,8036,3.4444
3279,8036,3.55
3280,8038,4.2488
3281,8038,4.2542
3282,8039,3.983
3283,8039,3.9888
3284,8045,4.0696
3285,8045,4.3062
3286,8058,3.7
3287,8058,3.7
3288,8063,4.2451
3289,8063,4.2427
3290,8080,4.3757
3291,8080,4.3802
3292,8081,4.3257
3293,8081,4.3277
3294,8082,4.2083
3295,8082,4.2386
3296,8083,4.4661
3297,8083,4.4658
3298,8085,3.9556
3299,8085,3.949
3300,8087,4.6338
3301,8087,4.6349
3302,8088,4.3915
3303,8088,4.3952
3304,8089,4.6942
3305,8089,4.6937
3306,8090,4.5034
3307,8090,4.5091
3308,8104,4.2222
3309,8104,4.2308
3310,8109,4.5238
3311,8109,4.5238
3312,8109,4.5238
3313,8131,3.7977
3314,8131,3.7879
3315,8133,4.0023
3316,8133,4.0136
3317,8134,4.1517
3318,8134,4.1466
3319,8135,4.169
3320,8135,4.1683
3321,8149,2.7374
3322,8149,2.7333
3323,8152,4.3481
3324,8152,4.3467
3325,8153,4.4373
3326,8153,4.4111
3327,8153,4.4152
3328,8158,4.0864
3329,8158,4.0984
3330,8158,4.0919
3331,8161,4.8112
3332,8161,4.8087
3333,8161,4.8079
3334,8175,3.6459
3335,8175,3.6444
3336,8178,4.4084
3337,8178,4.4143
3338,8180,4.2059
3339,8180,4.2178
3340,8213,4.2833
3341,8213,4.2785
3342,8240,4.2684
3343,8240,4.2659
3344,8242,4.2126
3345,8242,4.2077
3346,8263,3.8841
3347,8263,3.8921
3348,8275,4.2773
3349,8275,4.2709
3350,8276,3.4146
3351,8276,3.4158
3352,8321,3.5951
3353,8321,3.5766
3354,8324,4.0515
3355,8324,4.0522
3356,8326,4.5575
3357,8326,4.5614
3358,8342,4.3913
3359,8342,4.4231
3360,8344,3.8484
3361,8344,3.8489
3362,8348,3.8147
3363,8348,3.8234
3364,8353,4.2841
3365,8353,4.2829
3366,8364,4.3671
3367,8364,4.3649
3368,8369,4.4874
3369,8369,4.4862
3370,8371,3.897
3371,8371,3.8831
3372,8371,3.8725
3373,8381,4.2543
3374,8381,4.2437
3375,8382,4.1409
3376,8382,4.1352
3377,8382,4.1293
3378,8404,3.9885
3379,8404,3.9805
3380,8406,3.4798
3381,8406,3.4915
3382,8407,4.0309
3383,8407,4.0304
3384,8449,4.1222
3385,8449,4.1742
3386,8459,3.7922
3387,8459,3.7894
3388,8463,4.0283
3389,8463,4.0307
3390,8530,3.478
3391,8530,3.5172
3392,8539,3.7205
3393,8539,3.8052
3394,8546,3.668
3395,8546,3.6671
3396,8551,3.7908
3397,8551,3.89
3398,8555,4.5102
3399,8555,4.5106
3400,8559,4.1021
3401,8559,4.1392
3402,8566,3.9418
3403,8566,3.9633
3404,8566,3.9664
3405,8591,4.1938
3406,8591,4.2104
3407,8591,4.2205
3408,8591,4.2206
3409,8592,3.5058
3410,8592,3.5328
3411,8594,3.4511
3412,8594,3.4862
3413,8596,3.6939
3414,8596,3.6933
3415,8597,3.344
3416,8597,3.3595
3417,8599,4.0616
3418,8599,4.0675
3419,8600,4.0549
3420,8600,4.045
3421,8606,4.1188
3422,8606,4.1205
3423,8608,4.5529
3424,8608,4.554
3425,8611,4.2171
3426,8611,4.2162
3427,8611,4.2159
3428,8611,4.2141
3429,8615,5.0
3430,8615,3.3333
3431,8618,5.0
3432,8618,4.4
3433,8619,3.6
3434,8619,3.5625
3435,8620,4.0
3436,8620,4.0
3437,8621,5.0
3438,8621,5.0
3439,8625,4.0037
3440,8625,4.1058
3441,8625,4.1222
3442,8626,3.8807
3443,8626,3.886
3444,8626,3.8954
3445,8634,3.5898
3446,8634,3.5913
3447,8654,4.3262
3448,8654,4.3334
3449,8655,0.0
3450,8655,0.0
3451,8670,3.8843
3452,8670,3.8753
3453,8792,3.4062
3454,8792,3.4104
3455,8797,3.7934
3456,8797,3.7952
3457,8798,4.2403
3458,8798,4.2879
3459,8800,3.7746
3460,8800,3.7771
3461,8804,4.1451
3462,8804,4.0817
3463,8812,4.1701
3464,8812,4.1741
3465,8818,4.1698
3466,8818,4.1749
3467,8834,4.0644
3468,8834,4.0743
3469,8840,4.3306
3470,8840,4.3302
3471,8841,3.6175
3472,8841,3.6305
3473,8842,4.5763
3474,8842,4.5758
3475,8843,3.9995
3476,8843,3.998
3477,8843,3.9979
3478,8849,4.307
3479,8849,4.3041
3480,8857,3.9841
3481,8857,4.0267
3482,8860,4.3247
3483,8860,4.3172
3484,8861,4.1197
3485,8861,4.1134
3486,8862,4.2336
3487,8862,4.2255
3488,8865,3.8275
3489,8865,3.8588
3490,8867,4.0866
3491,8867,4.0767
3492,8867,4.0879
3493,8868,5.0
3494,8868,4.2
3495,8870,4.0209
3496,8870,4.014
3497,8872,4.0316
3498,8872,4.0328
3499,8872,4.0172
3500,8877,3.8973
3501,8877,3.8839
3502,8881,2.8466
3503,8881,2.8516
3504,8883,3.8388
3505,8883,3.8386
3506,8883,3.8369
3507,8884,3.9907
3508,8884,3.9912
3509,8884,3.9914
3510,8887,4.0609
3511,8887,4.0956
3512,8888,3.7165
3513,8888,3.7286
3514,8888,3.7458
3515,8889,4.4153
3516,8889,4.4238
3517,8889,4.4391
3518,8894,4.2305
3519,8894,4.237
3520,8894,4.2428
3521,8900,3.7884
3522,8900,3.7877
3523,8900,3.7894
3524,8902,4.4741
3525,8902,4.4467
3526,8903,3.8949
3527,8903,3.8954
3528,8908,3.0107
3529,8908,2.9764
3530,8909,4.4946
3531,8909,4.5009
3532,8909,4.5116
3533,8911,3.7673
3534,8911,3.7888
3535,8911,3.8113
3536,8913,3.3849
3537,8913,3.375
3538,8915,4.0352
3539,8915,4.0295
3540,8917,4.0726
3541,8917,4.085
3542,8917,4.0903
3543,8918,4.1415
3544,8918,4.1429
3545,8918,4.1582
3546,8924,4.1839
3547,8924,4.2007
3548,8926,3.648
3549,8926,3.6164
3550,8927,3.8135
3551,8927,3.8146
3552,8934,4.1235
3553,8934,4.1073
3554,8945,4.3998
3555,8945,4.3924
3556,8945,4.3888
3557,8951,4.0677
3558,8951,4.0638
3559,8951,4.0629
3560,8953,4.6
3561,8953,4.4167
3562,8954,4.4023
3563,8954,4.4204
3564,8954,4.4347
3565,8958,4.1596
3566,8958,4.1974
3567,8958,4.1939
3568,8960,3.558
3569,8960,3.5581
3570,8963,3.5613
3571,8963,3.5915
3572,8966,4.2801
3573,8966,4.2711
3574,8967,4.2152
3575,8967,4.2236
3576,8970,3.8774
3577,8970,3.9082
3578,8970,3.9828
3579,8975,3.9155
3580,8975,3.938
3581,8975,3.9526
3582,8977,3.8936
3583,8977,3.8506
3584,8977,4.0107
3585,8978,4.5391
3586,8978,4.5496
3587,8978,4.5488
3588,8980,4.6573
3589,8980,4.655
3590,8982,4.4928
3591,8982,4.4945
3592,8982,4.4957
3593,8985,4.5132
3594,8985,4.5154
3595,8985,4.518
3596,8986,3.8746
3597,8986,3.8729
3598,8988,4.3294
3599,8988,4.3166
3600,8991,4.0596
3601,8991,4.0599
3602,9486,4.1985
3603,9486,4.2037
3604,9487,4.3959
3605,9487,4.3991
3606,9488,3.8103
3607,9488,3.803
3608,9489,3.139
3609,9489,3.1853
3610,9490,3.5229
3611,9490,3.5467
3612,9490,3.5333
3613,9492,3.6016
3614,9492,3.5874
3615,9493,0.0
3616,9493,3.0
3617,9496,3.6393
3618,9496,3.7614
3619,9497,4.0875
3620,9497,4.134
3621,9498,3.4937
3622,9498,3.5582
3623,9500,4.5667
3624,9500,4.5951
3625,9502,4.3377
3626,9502,4.364
3627,9503,3.6364
3628,9503,3.76
3629,9503,3.76
3630,9508,4.2437
3631,9508,4.3273
3632,9509,4.0
3633,9509,4.0
3634,9510,1.7542
3635,9510,1.8435
3636,9512,4.0572
3637,9512,4.0942
3638,9512,4.1038
3639,9512,4.1003
3640,9514,4.0922
3641,9514,4.1377
3642,9515,3.6342
3643,9515,3.6642
3644,9516,3.9358
3645,9516,3.9409
3646,9520,4.0723
3647,9520,4.0879
3648,9521,4.0781
3649,9521,4.1273
3650,9523,4.3973
3651,9523,4.4016
3652,9524,4.0814
3653,9524,4.1337
3654,9525,4.1422
3655,9525,4.1914
3656,9526,4.2228
3657,9526,4.2573
3658,9527,4.1889
3659,9527,4.1529
3660,9530,4.1215
3661,9530,4.192
3662,9533,4.1495
3663,9533,4.1903
3664,9535,3.8743
3665,9535,3.8771
3666,9536,4.1377
3667,9536,4.1807
3668,9538,4.0582
3669,9538,4.0484
3670,9538,4.0437
3671,9539,4.1309
3672,9539,4.1507
3673,9541,3.8593
3674,9541,3.7704
3675,9541,3.7594
3676,9542,3.7972
3677,9542,3.8143
3678,9544,4.098
3679,9544,4.0951
3680,9544,4.0922
3681,9548,3.8534
3682,9548,3.8934
3683,9549,4.2135
3684,9549,4.2219
3685,9550,2.7143
3686,9550,2.7049
3687,9551,4.4146
3688,9551,4.409
3689,9552,4.2134
3690,9552,4.2572
3691,9552,4.2641
3692,9557,4.5346
3693,9557,4.5244
3694,9557,4.5039
3695,9557,4.5015
3696,9558,4.2512
3697,9558,4.1671
3698,9558,4.1152
3699,9558,4.0952
3700,9559,3.6336
3701,9559,3.7945
3702,9559,3.8318
3703,9560,4.5573
3704,9560,4.5557
3705,9560,4.5546
3706,9568,4.1412
3707,9568,4.1585
3708,9569,4.1263
3709,9569,4.1061
3710,9569,4.0861
3711,9570,4.2272
3712,9570,4.1796
3713,9572,4.3032
3714,9572,4.255
3715,9573,4.3338
3716,9573,4.3326
3717,9574,4.7003
3718,9574,4.7037
3719,9574,4.6996
3720,9574,4.7003
3721,9576,4.1693
3722,9576,4.2793
3723,9576,4.3018
3724,9576,4.3085
3725,9585,4.5031
3726,9585,4.5015
3727,9586,4.0356
3728,9586,4.0608
3729,9587,4.3645
3730,9587,4.3564
3731,9588,4.0365
3732,9588,4.01
3733,9590,2.7275
3734,9590,2.6727
3735,9591,4.0235
3736,9591,4.0114
3737,9593,4.2207
3738,9593,4.2184
3739,9597,3.9633
3740,9597,3.965
3741,9598,3.9236
3742,9598,3.9178
3743,9600,3.7622
3744,9600,3.7384
3745,9604,4.6623
3746,9604,4.6632
3747,9606,4.4453
3748,9606,4.4475
3749,9611,3.5711
3750,9611,3.5575
3751,9613,3.8969
3752,9613,3.7894
3753,9614,3.7923
3754,9614,3.7659
3755,9615,3.8073
3756,9615,3.8
3757,9616,4.3333
3758,9616,4.3333
3759,9616,4.3333
3760,9620,4.246
3761,9620,4.2448
3762,9621,4.1224
3763,9621,4.1161
3764,9622,3.5275
3765,9622,3.5236
3766,9625,3.8954
3767,9625,3.9034
3768,9630,4.222
3769,9630,4.2252
3770,9630,4.2268
3771,9631,4.0934
3772,9631,4.0966
3773,9634,3.9804
3774,9634,3.9662
3775,9635,4.0672
3776,9635,4.0707
3777,9645,4.1859
3778,9645,4.2155
3779,9647,3.3022
3780,9647,3.2982
3781,9648,3.6677
3782,9648,3.6008
3783,9649,4.0151
3784,9649,4.0129
3785,9650,3.7674
3786,9650,3.8478
3787,9654,4.0902
3788,9654,4.082
3789,9655,4.4114
3790,9655,4.3953
3791,9655,4.4022
3792,9656,3.9856
3793,9656,4.0192
3794,9656,4.0249
3795,9657,4.4533
3796,9657,4.4405
3797,9659,4.4568
3798,9659,4.4733
3799,9662,3.7787
3800,9662,3.808
3801,9663,3.5484
3802,9663,3.4826
3803,9677,4.0541
3804,9677,4.0572
3805,9678,3.8799
3806,9678,3.8741
3807,9687,4.6421
3808,9687,4.642
3809,9687,4.6431
3810,9708,4.2875
3811,9708,4.2849
3812,9709,4.2115
3813,9709,4.208
3814,9711,4.2746
3815,9711,4.259
3816,9715,4.4614
3817,9715,4.4558
3818,9715,4.4546
3819,9717,4.3323
3820,9717,4.3521
3821,9720,4.1009
3822,9720,4.0996
3823,9724,4.6861
3824,9724,4.6921
3825,9726,4.5679
3826,9726,4.5634
3827,9735,4.0642
3828,9735,4.0596
3829,9741,4.6244
3830,9741,4.6254
3831,9742,3.9237
3832,9742,3.9322
3833,9742,3.936
3834,9743,4.1523
3835,9743,4.1507
3836,9746,4.0364
3837,9746,4.0336
3838,9750,3.8444
3839,9750,3.8427
3840,9752,4.3579
3841,9752,4.2765
3842,9752,4.2198
3843,9754,4.0593
3844,9754,4.0538
3845,9758,4.609
3846,9758,4.6129
3847,9761,4.4394
3848,9761,4.411
3849,9765,4.3326
3850,9765,4.3265
3851,9775,4.2151
3852,9775,4.2144
3853,9789,4.2385
3854,9789,4.2273
3855,9800,4.3371
3856,9800,4.3318
3857,9800,4.3307
3858,9803,4.3303
3859,9803,4.3201
3860,9805,4.3765
3861,9805,4.3686
3862,9806,4.5415
3863,9806,4.542
3864,9806,4.5434
3865,9807,4.4917
3866,9807,4.4908
3867,9807,4.4919
3868,9808,4.2356
3869,9808,4.2301
3870,9808,4.2354
3871,9811,4.6936
3872,9811,4.6933
3873,9811,4.6935
3874,9850,4.2792
3875,9850,4.3055
3876,9862,3.5423
3877,9862,3.6109
3878,9864,4.1574
3879,9864,4.173
3880,9867,4.0798
3881,9867,4.061
3882,9869,4.0872
3883,9869,4.0715
3884,9871,3.6667
3885,9871,3.5
3886,9872,4.1138
3887,9872,4.1085
3888,9873,4.249
3889,9873,4.266
3890,9876,4.0204
3891,9876,4.0268
3892,9879,3.838
3893,9879,3.8915
3894,9882,4.3987
3895,9882,4.3859
3896,9883,4.1923
3897,9883,4.2321
3898,9885,3.703
3899,9885,3.7736
3900,9886,4.0256
3901,9886,4.125
3902,9887,4.5515
3903,9887,4.566
3904,9904,3.7103
3905,9904,3.7344
3906,9909,3.6091
3907,9909,3.6088
3908,9914,4.0404
3909,9914,4.0355
3910,9918,4.4545
3911,9918,4.0909
3912,9923,3.2915
3913,9923,3.2719
3914,9924,3.5646
3915,9924,3.574
3916,9929,4.0626
3917,9929,4.1232
3918,9933,4.5932
3919,9933,4.5991
3920,9937,3.84
3921,9937,3.7905
3922,9941,4.2895
3923,9941,4.3256
3924,9943,3.6218
3925,9943,3.6982
3926,9945,3.5101
3927,9945,3.6988
3928,9956,3.2432
3929,9956,3.087
3930,9957,4.3103
3931,9957,4.2778
3932,9958,4.4
3933,9958,3.4091
3934,9960,4.4878
3935,9960,4.427
3936,9975,4.2447
3937,9975,4.2236
3938,9979,3.6973
3939,9979,3.7001
3940,9980,4.0517
3941,9980,4.0437
3942,9981,4.0338
3943,9981,4.0484
3944,9983,3.3947
3945,9983,3.2927
3946,9987,3.6862
3947,9987,3.6871
3948,9990,3.296
3949,9990,3.3511
3950,9991,3.7381
3951,9991,3.8128
3952,9994,3.5719
3953,9994,3.5725
3954,9996,4.1181
3955,9996,4.1289
3956,10000,4.7143
3957,10000,4.7143
3958,10002,4.125
3959,10002,4.1556
3960,10003,4.1936
3961,10003,4.1602
3962,10009,3.8562
3963,10009,3.8449
3964,10015,4.355
3965,10015,4.3518
3966,10021,3.5427
3967,10021,3.5702
3968,10039,3.809
3969,10039,3.823
3970,10040,3.8089
3971,10040,4.3126
3972,10044,4.5095
3973,10044,4.524
3974,10045,4.0
3975,10045,3.5
3976,10046,3.3492
3977,10046,3.3407
3978,10058,4.5296
3979,10058,4.5321
3980,10060,3.5469
3981,10060,3.4873
3982,10063,4.157
3983,10063,4.1667
3984,10067,4.0909
3985,10067,4.0
3986,10071,4.2353
3987,10071,4.2353
3988,10080,3.8596
3989,10080,3.8245
3990,10108,4.3511
3991,10108,4.3949
3992,10108,4.4005
3993,10113,4.3793
3994,10113,4.3878
3995,10114,4.4266
3996,10114,4.4268
3997,10125,3.891
3998,10125,3.8858
3999,10126,4.2169
4000,10126,4.2177
4001,10126,4.2081
4002,10127,4.4385
4003,10127,4.443
4004,10127,4.4425
4005,10128,4.2674
4006,10128,4.2726
4007,10128,4.2811
4008,10129,4.2914
4009,10129,4.2974
4010,10129,4.2899
4011,10130,4.3971
4012,10130,4.4012
4013,10130,4.4113
4014,10137,3.2841
4015,10137,3.2957
4016,10145,4.3931
4017,10145,4.4
4018,10146,3.6284
4019,10146,3.6779
4020,10150,4.0525
4021,10150,4.077
4022,10157,3.7633
4023,10157,3.8429
4024,10160,4.2453
4025,10160,4.2628
4026,10160,4.2659
4027,10164,3.7634
4028,10164,3.7266
4029,10164,3.7001
4030,10170,3.9701
4031,10170,3.969
4032,10170,3.967
4033,10171,3.7244
4034,10171,3.742
4035,10200,4.078
4036,10200,4.1474
4037,10231,3.3318
4038,10231,3.3346
4039,10232,4.4485
4040,10232,4.4495
4041,10233,3.7466
4042,10233,3.7482
4043,10251,4.2562
4044,10251,4.257
4045,10271,3.5608
4046,10271,3.559
4047,10295,3.7816
4048,10295,3.8085
4049,10298,4.5569
4050,10298,4.4949
4051,10298,4.4898
4052,10306,3.6387
4053,10306,3.6285
4054,10322,4.3846
4055,10322,4.3846
4056,10328,2.6
4057,10328,3.125
4058,10329,3.8754
4059,10329,3.8771
4060,10361,3.6698
4061,10361,3.6416
4062,10366,4.375
4063,10366,4.375
4064,10405,4.3786
4065,10405,4.3858
4066,10429,4.2692
4067,10429,4.2597
4068,10484,4.3167
4069,10484,4.3253
4070,10488,4.3143
4071,10488,4.3163
4072,10492,3.4286
4073,10492,3.4286
4074,10493,3.375
4075,10493,3.375
4076,10494,3.6667
4077,10494,3.6667
4078,10495,4.0
4079,10495,4.0
4080,10502,3.692
4081,10502,3.6883
4082,10503,3.951
4083,10503,3.9532
4084,10508,4.0295
4085,10508,4.0291
4086,10563,4.3012
4087,10563,4.3037
4088,10579,4.2994
4089,10579,4.2994
4090,10580,3.881
4091,10580,3.881
4092,10581,4.2581
4093,10581,4.2581
4094,10582,3.9444
4095,10582,3.9444
4096,10583,4.3333
4097,10583,4.3333
4098,10584,4.1339
4099,10584,4.1368
4100,10585,4.4961
4101,10585,4.4929
4102,10587,4.1976
4103,10587,4.1968
4104,10589,4.2113
4105,10589,4.2133
4106,10590,4.3111
4107,10590,4.3098
4108,10591,4.1419
4109,10591,4.1419
4110,10592,4.3829
4111,10592,4.3849
4112,10593,4.184
4113,10593,4.1825
4114,10594,4.2311
4115,10594,4.2301
4116,10595,3.7088
4117,10595,3.7051
4118,10596,4.3312
4119,10596,4.3291
4120,10606,3.5667
4121,10606,3.5714
4122,10612,4.3415
4123,10612,4.3364
4124,10702,3.9976
4125,10702,4.0225
4126,10707,4.0419
4127,10707,3.8563
4128,10712,4.5496
4129,10712,4.5612
4130,10713,4.1224
4131,10713,4.1145
4132,10714,4.0968
4133,10714,4.1121
4134,10719,3.5007
4135,10719,3.4885
4136,10732,3.754
4137,10732,3.7285
4138,10746,4.4615
4139,10746,4.4615
4140,10754,3.0
4141,10754,3.0
4142,10762,4.3692
4143,10762,4.4119
4144,10762,4.4351
4145,10781,4.5213
4146,10781,4.5552
4147,10782,4.1397
4148,10782,4.126
4149,10789,4.1155
4150,10789,4.1268
4151,10791,4.1497
4152,10791,4.1418
4153,10791,4.121
4154,10795,4.5
4155,10795,4.5
4156,10796,4.5
4157,10796,4.4
4158,10797,3.7586
4159,10797,3.8065
4160,10804,4.0738
4161,10804,4.1318
4162,10812,4.1176
4163,10812,4.25
4164,10812,4.0
4165,10835,3.9352
4166,10835,3.9227
4167,10835,3.9204
4168,10857,4.6857
4169,10857,4.5135
4170,10877,3.8471
4171,10877,3.8517
4172,10877,3.8572
4173,10878,3.9625
4174,10878,3.9708
4175,10882,4.0257
4176,10882,4.0251
4177,10883,4.5132
4178,10883,4.5123
4179,10884,4.0713
4180,10884,4.0762
4181,10884,4.0794
4182,10886,3.9619
4183,10886,3.9581
4184,10898,4.3888
4185,10898,4.3872
4186,10898,4.3867
4187,10930,4.2178
4188,10930,4.2219
4189,10932,3.8619
4190,10932,3.87
4191,10934,3.8466
4192,10934,3.8947
4193,10934,4.0488
4194,10938,4.2073
4195,10938,4.2126
4196,10938,4.2185
4197,10939,4.1919
4198,10939,4.2136
4199,10939,4.2679
4200,10941,4.2319
4201,10941,4.2372
4202,10943,4.0604
4203,10943,4.0747
4204,10943,4.0948
4205,10944,3.8481
4206,10944,3.842
4207,10944,3.8345
4208,10945,4.1952
4209,10945,4.1892
4210,10957,3.8169
4211,10957,3.7727
4212,10958,3.9271
4213,10958,3.9273
4214,10960,5.0
4215,10960,5.0
4216,10961,4.5
4217,10961,4.5
4218,10962,5.0
4219,10962,5.0
4220,10966,4.6896
4221,10966,4.6888
4222,10970,4.0395
4223,10970,4.0233
4224,10971,4.0692
4225,10971,4.0644
4226,10974,3.687
4227,10974,3.6872
4228,10979,3.357
4229,10979,3.3768
4230,10981,3.9737
4231,10981,3.9605
4232,10985,4.1429
4233,10985,4.1429
4234,10986,4.3378
4235,10986,4.3095
4236,10987,3.9712
4237,10987,3.9774
4238,11003,4.0828
4239,11003,4.0861
4240,11006,4.1552
4241,11006,4.099
4242,11707,4.0176
4243,11707,4.0105
4244,11707,4.0334
4245,11707,4.0776
4246,11709,4.5218
4247,11709,4.5218
4248,11709,4.5115
4249,11711,3.8471
4250,11711,3.8484
4251,11711,3.859
4252,11711,3.8877
4253,11713,4.1048
4254,11713,4.1037
4255,11713,4.1046
4256,11713,4.1047
4257,11721,4.2
4258,11721,4.2149
4259,11726,3.8155
4260,11726,3.8221
4261,11726,3.8238
4262,11728,4.476
4263,11728,4.4761
4264,11728,4.488
4265,11728,4.5029
4266,11729,4.0203
4267,11729,3.9931
4268,11729,3.9971
4269,11731,3.7378
4270,11731,3.7305
4271,11731,3.6635
4272,11732,4.4426
4273,11732,4.4456
4274,11732,4.4567
4275,11739,3.922
4276,11739,3.8454
4277,11742,4.4554
4278,11742,4.4479
4279,11827,3.931
4280,11827,3.931
4281,11829,4.139
4282,11829,4.1344
4283,11829,4.1253
4284,11830,4.0441
4285,11830,4.0538
4286,11830,4.0658
4287,11831,4.0633
4288,11831,4.0611
4289,11831,4.0559
4290,11832,3.8693
4291,11832,3.8599
4292,11832,3.8577
4293,11843,4.0434
4294,11843,4.1238
4295,12231,4.4065
4296,12231,4.4121
4297,12251,4.1421
4298,12251,4.166
4299,12254,4.0068
4300,12254,4.0965
4301,12254,4.0828
4302,12260,4.3333
4303,12260,4.3333
4304,12274,3.8743
4305,12274,3.8649
4306,12275,4.1585
4307,12275,4.1573
4308,12275,4.1649
4309,12281,3.9182
4310,12281,3.946
4311,12299,4.3354
4312,12299,4.3342
4313,12300,4.1142
4314,12300,4.0421
4315,12300,3.991
4316,12302,4.1746
4317,12302,4.1746
4318,12323,3.6082
4319,12323,3.6131
4320,12325,4.4617
4321,12325,4.4621
4322,12325,4.464
4323,12328,4.1268
4324,12328,4.126
4325,12328,4.128
4326,12329,4.1398
4327,12329,4.1427
4328,12329,4.1452
4329,12347,4.2577
4330,12347,4.2462
4331,12348,4.3397
4332,12348,4.3169
4333,12348,4.3277
4334,12361,4.4457
4335,12361,4.4478
4336,12362,4.1228
4337,12362,4.1258
4338,12362,4.1306
4339,12364,4.2444
4340,12364,4.2259
4341,12371,3.6171
4342,12371,3.6089
4343,12372,4.3182
4344,12372,4.3194
4345,12372,4.3016
4346,12378,3.7093
4347,12378,3.706
4348,12384,4.3527
4349,12384,4.3477
4350,12386,4.5078
4351,12386,4.5121
4352,12388,4.68
4353,12388,4.686
4354,12401,4.0978
4355,12401,4.093
4356,12410,4.3333
4357,12410,4.3333
4358,12415,3.4436
4359,12415,3.4679
4360,12422,4.0397
4361,12422,4.0404
4362,12429,3.5505
4363,12429,3.5837
4364,12439,4.2474
4365,12439,4.2468
4366,12440,4.5557
4367,12440,4.5563
4368,12457,3.3934
4369,12457,3.399
4370,12459,3.2919
4371,12459,3.2994
4372,12460,3.9593
4373,12460,3.9734
4374,12491,4.7199
4375,12491,4.7237
4376,12533,4.2212
4377,12533,4.2241
4378,12538,3.8215
4379,12538,3.802
4380,12551,3.5214
4381,12551,3.5294
4382,12555,3.6985
4383,12555,3.6953
4384,12563,4.2315
4385,12563,4.2307
4386,12563,4.2504
4387,12564,4.0233
4388,12564,4.0577
4389,12564,4.1613
4390,12571,4.5
4391,12571,4.5
4392,12572,3.968
4393,12572,3.9681
4394,12572,3.9686
4395,12581,4.0544
4396,12581,4.0672
4397,12584,3.7153
4398,12584,3.7241
4399,12586,4.1368
4400,12586,4.1653
4401,12593,3.8041
4402,12593,3.8035
4403,12596,3.7526
4404,12596,3.6915
4405,12600,3.6482
4406,12600,3.6456
4407,12601,3.7071
4408,12601,3.6848
4409,12609,4.3824
4410,12609,4.3963
4411,12610,3.6801
4412,12610,3.7285
4413,12612,3.5145
4414,12612,3.4662
4415,12612,3.4474
4416,12616,4.0771
4417,12616,4.0755
4418,12616,4.075
4419,12619,3.9643
4420,12619,3.9825
4421,12619,3.9821
4422,12622,3.5366
4423,12622,3.5
4424,12623,3.8471
4425,12623,3.8256
4426,12625,3.7733
4427,12625,3.648
4428,12628,4.2619
4429,12628,4.2778
4430,12628,4.2935
4431,12638,4.1398
4432,12638,4.1798
4433,12646,4.5793
4434,12646,4.5801
4435,12646,4.5785
4436,12647,3.6568
4437,12647,3.6516
4438,12648,4.0943
4439,12648,4.109
4440,12652,3.8722
4441,12652,3.8648
4442,12669,4.1812
4443,12669,4.1792
4444,12669,4.1791
4445,12676,3.9327
4446,12676,3.9219
4447,12685,3.9678
4448,12685,3.9636
4449,12686,4.3453
4450,12686,4.3479
4451,12687,3.6021
4452,12687,3.5931
4453,12688,4.0394
4454,12688,4.0488
4455,12689,3.5917
4456,12689,3.6098
4457,12690,3.6714
4458,12690,3.6605
4459,12692,3.9871
4460,12692,3.9752
4461,12694,4.4683
4462,12694,4.455
4463,12695,4.5391
4464,12695,4.5456
4465,12695,4.5501
4466,12702,4.1141
4467,12702,4.1152
4468,12708,3.8837
4469,12708,3.8683
4470,12711,3.5323
4471,12711,3.5397
4472,12712,4.0702
4473,12712,4.086
4474,12712,4.1031
4475,12713,4.6158
4476,12713,4.6147
4477,12713,4.6155
4478,12715,4.5585
4479,12715,4.5716
4480,12718,3.8382
4481,12718,3.8043
4482,12719,3.7444
4483,12719,3.7647
4484,12720,3.8824
4485,12720,3.8654
4486,12721,3.8017
4487,12721,3.8065
4488,12722,3.3902
4489,12722,3.369
4490,12725,4.0401
4491,12725,4.0672
4492,12725,4.0777
4493,12727,3.4167
4494,12727,3.4167
4495,12729,3.9642
4496,12729,3.9921
4497,12729,3.9936
4498,12753,4.1958
4499,12753,4.2214
4500,12754,3.9192
4501,12754,3.9216
4502,12754,3.9234
4503,12757,3.8175
4504,12757,3.7806
4505,12772,3.7883
4506,12772,3.9409
4507,12774,3.9748
4508,12774,4.0508
4509,12775,3.8125
4510,12775,3.6552
4511,12775,3.541
4512,12791,3.9612
4513,12791,3.9792
4514,12794,4.2827
4515,12794,4.2875
4516,12795,3.9731
4517,12795,3.988
4518,12811,4.436
4519,12811,4.4405
4520,12811,4.4418
4521,12816,4.0
4522,12816,3.8
4523,12817,4.3473
4524,12817,4.3459
4525,12820,4.5356
4526,12820,4.5311
4527,12822,4.6884
4528,12822,4.6937
4529,12822,4.6918
4530,12829,3.6488
4531,12829,3.6614
4532,12854,4.2733
4533,12854,4.2788
4534,12854,4.2804
4535,12855,4.3883
4536,12855,4.4308
4537,12857,4.2788
4538,12857,4.2914
4539,12857,4.3024
4540,12858,3.8545
4541,12858,3.8904
4542,12859,4.3073
4543,12859,4.3415
4544,12859,4.3543
4545,12864,3.7792
4546,12864,3.7885
4547,12865,3.5546
4548,12865,3.539
4549,12874,3.4811
4550,12874,3.4561
4551,12886,4.1622
4552,12886,4.1666
4553,12887,4.4755
4554,12887,4.4752
4555,12888,4.2891
4556,12888,4.3044
4557,12888,4.3208
4558,12897,4.1623
4559,12897,4.1597
4560,12902,4.0424
4561,12902,4.0409
4562,12902,4.0275
4563,12903,4.5675
4564,12903,4.5786
4565,12903,4.5934
4566,12903,4.5936
4567,12904,4.1609
4568,12904,4.1754
4569,12905,4.04
4570,12905,4.0667
4571,12905,4.0821
4572,12906,4.1229
4573,12906,4.1176
4574,12906,4.1127
4575,12926,3.6675
4576,12926,3.6653
4577,12926,3.6658
4578,12930,3.7535
4579,12930,3.754
4580,12930,3.7619
4581,12931,3.7791
4582,12931,3.7898
4583,12931,3.7908
4584,12932,3.9651
4585,12932,3.9624
4586,12932,3.963
4587,12933,4.0387
4588,12933,4.0494
4589,12939,4.4006
4590,12939,4.4181
4591,12939,4.4351
4592,12939,4.4356
4593,12941,3.6429
4594,12941,3.6392
4595,12944,4.7107
4596,12944,4.7072
4597,12944,4.7012
4598,12966,3.6022
4599,12966,3.6115
4600,12966,3.6113
4601,12969,4.3265
4602,12969,4.3193
4603,12970,4.3604
4604,12970,4.3544
4605,12970,4.3493
4606,12971,4.163
4607,12971,4.1396
4608,12972,3.9657
4609,12972,3.9604
4610,12973,4.3509
4611,12973,4.3659
4612,12974,4.1135
4613,12974,4.1249
4614,12975,4.436
4615,12975,4.4359
4616,12975,4.4384
4617,12977,4.3583
4618,12977,4.36
4619,12977,4.3592
4620,12979,4.2519
4621,12979,4.2547
4622,12979,4.2628
4623,12981,4.0178
4624,12981,4.0083
4625,12983,3.5287
4626,12983,3.4662
4627,12985,4.3869
4628,12985,4.3894
4629,12987,4.4046
4630,12987,4.4072
4631,12993,4.2502
4632,12993,4.2396
4633,13007,3.6393
4634,13007,3.5652
4635,13007,3.5652
4636,13010,3.6027
4637,13010,3.5956
4638,13010,3.574
4639,13012,3.4642
4640,13012,3.4984
4641,13039,3.5137
4642,13039,3.4737
4643,13041,4.0159
4644,13041,4.0689
4645,13041,4.1239
4646,13043,3.8377
4647,13043,3.846
4648,13045,3.7724
4649,13045,3.7717
4650,13047,4.55
4651,13047,4.55
4652,13061,4.1826
4653,13061,4.183
4654,13062,4.5676
4655,13062,4.5946
4656,13064,3.9912
4657,13064,3.9912
4658,13067,4.2535
4659,13067,4.2604
4660,13068,4.0997
4661,13068,4.131
4662,13069,4.4036
4663,13069,4.3673
4664,13070,4.2455
4665,13070,4.2299
4666,13074,4.6999
4667,13074,4.7043
4668,13074,4.7072
4669,13083,3.4631
4670,13083,3.4365
4671,13083,3.4326
4672,13086,4.329
4673,13086,4.3289
4674,13087,4.7299
4675,13087,4.6933
4676,13089,3.9697
4677,13089,3.9791
4678,13089,4.0009
4679,13090,3.8653
4680,13090,3.876
4681,13090,3.8827
4682,13091,3.6365
4683,13091,3.6852
4684,13092,3.7777
4685,13092,3.8666
4686,13104,3.4251
4687,13104,3.4221
4688,13109,3.5385
4689,13109,3.3571
4690,13170,4.0992
4691,13170,4.0698
4692,13171,4.0487
4693,13171,4.0625
4694,13172,4.2428
4695,13172,4.241
4696,13173,3.9803
4697,13173,3.9864
4698,13178,4.1143
4699,13178,4.1398
4700,13194,3.8134
4701,13194,3.7893
4702,13209,3.8958
4703,13209,3.7843
4704,13604,3.5858
4705,13604,3.5576
4706,13605,3.7557
4707,13605,3.7532
4708,13611,4.6568
4709,13611,4.6566
4710,13618,3.8966
4711,13618,3.8438
4712,13627,4.0
4713,13627,2.75
4714,13628,3.0
4715,13628,3.0
4716,13636,3.7403
4717,13636,3.6867
4718,13638,4.2597
4719,13638,3.8742
4720,13641,3.5266
4721,13641,3.5262
4722,13646,3.8352
4723,13646,3.8105
4724,13647,3.9904
4725,13647,4.0282
4726,13648,2.2979
4727,13648,2.2852
4728,13649,3.2393
4729,13649,3.1989
4730,13652,4.53
4731,13652,4.5486
4732,13657,4.5334
4733,13657,4.5167
4734,13658,4.5651
4735,13658,4.5331
4736,13659,4.3652
4737,13659,4.3489
4738,13660,4.5934
4739,13660,4.5747
4740,13661,4.5883
4741,13661,4.5878
4742,13662,4.5411
4743,13662,4.5303
4744,13663,4.5711
4745,13663,4.5619
4746,13664,4.6121
4747,13664,4.6123
4748,13670,4.295
4749,13670,4.3243
4750,13693,4.2795
4751,13693,4.3169
4752,13700,4.8
4753,13700,4.8125
4754,13701,4.1717
4755,13701,4.271
4756,13702,4.6897
4757,13702,4.7
4758,13706,2.9333
4759,13706,3.2121
4760,13715,3.5326
4761,13715,3.5333
4762,13715,3.5428
4763,13716,4.2141
4764,13716,4.2277
4765,13719,4.0282
4766,13719,4.0409
4767,13719,4.0538
4768,14618,4.3504
4769,14618,4.3535
4770,14621,4.3333
4771,14621,4.3649
4772,14626,3.9449
4773,14626,3.956
4774,14627,4.1245
4775,14627,4.1034
4776,14645,4.08
4777,14645,4.08
4778,14645,4.08
4779,14647,3.2923
4780,14647,3.2939
4781,14647,3.2962
4782,14651,3.9702
4783,14651,3.975
4784,14654,3.936
4785,14654,3.9459
4786,14654,3.9506
4787,15163,4.048
4788,15163,4.0719
4789,15171,4.0532
4790,15171,4.0487
4791,15608,3.7727
4792,15608,3.5909
4793,15690,3.7376
4794,15690,3.7325
4795,15700,4.3109
4796,15700,4.3109
4797,15975,4.6963
4798,15975,4.7016
4799,15976,3.5053
4800,15976,3.5079
4801,15977,3.3944
4802,15977,3.3894
4803,15985,3.8132
4804,15985,3.8138
4805,15989,3.9293
4806,15989,3.9405
4807,15990,3.5311
4808,15990,3.5177
4809,15997,4.3807
4810,15997,4.3938
4811,16018,3.7458
4812,16018,3.7416
4813,16024,3.343
4814,16024,3.3427
4815,16028,3.8359
4816,16028,3.834
4817,16044,4.2538
4818,16044,4.2557
4819,16054,4.2089
4820,16054,4.2011
4821,16068,4.4717
4822,16068,4.485
4823,16579,3.6122
4824,16579,3.6054
4825,16579,3.5992
4826,16594,4.1056
4827,16594,4.1114
4828,16594,4.1132
4829,17099,4.5528
4830,17099,4.5427
4831,18129,4.1301
4832,18129,4.119
4833,18130,3.8352
4834,18130,3.7957
4835,18184,4.0968
4836,18184,4.0323
4837,18186,3.8006
4838,18186,3.7972
4839,18187,3.8749
4840,18187,3.8733
4841,18188,3.724
4842,18188,3.7202
4843,19505,4.2877
4844,19505,4.289
