release_id,app_id,release_week
1,5,1
2,5,4
3,5,37
4,13,1
5,13,4
6,16,1
7,16,48
8,23,1
9,23,48
10,26,1
11,26,15
12,35,1
13,35,4
14,35,5
15,35,26
16,35,34
17,37,1
18,37,21
19,47,1
20,47,26
21,49,1
22,49,39
23,50,1
24,50,4
25,50,5
26,53,1
27,53,4
28,53,17
29,53,30
30,55,1
31,55,4
32,62,1
33,62,26
34,62,34
35,63,1
36,63,31
37,68,1
38,68,48
39,71,1
40,71,40
41,73,1
42,73,4
43,73,9
44,73,18
45,73,39
46,73,48
47,82,1
48,82,25
49,82,46
50,86,1
51,86,48
52,88,1
53,88,10
54,88,12
55,88,16
56,106,1
57,106,16
58,115,1
59,115,4
60,132,1
61,132,26
62,137,1
63,137,21
64,151,1
65,151,15
66,155,1
67,155,4
68,157,1
69,157,4
70,162,1
71,162,15
72,162,44
73,166,1
74,166,48
75,168,1
76,168,18
77,175,1
78,175,21
79,178,1
80,178,7
81,179,1
82,179,17
83,179,30
84,185,1
85,185,44
86,187,1
87,187,15
88,187,44
89,194,1
90,194,9
91,194,16
92,194,20
93,194,42
94,203,1
95,203,4
96,203,5
97,212,1
98,212,16
99,216,1
100,216,9
101,216,10
102,216,16
103,218,1
104,218,48
105,227,1
106,227,15
107,229,1
108,229,2
109,229,4
110,229,6
111,229,9
112,229,10
113,229,16
114,237,1
115,237,34
116,254,1
117,254,12
118,254,42
119,255,1
120,255,26
121,256,1
122,256,20
123,256,42
124,260,1
125,260,4
126,263,1
127,263,21
128,267,1
129,267,4
130,267,26
131,267,34
132,267,37
133,284,1
134,284,26
135,286,1
136,286,26
137,287,1
138,287,20
139,287,51
140,289,1
141,289,21
142,293,1
143,293,4
144,293,21
145,293,24
146,293,34
147,293,46
148,301,1
149,301,15
150,313,1
151,313,21
152,317,1
153,317,21
154,318,1
155,318,26
156,319,1
157,319,15
158,329,1
159,329,11
160,329,19
161,333,1
162,333,48
163,346,1
164,346,15
165,348,1
166,348,48
167,354,1
168,354,4
169,354,7
170,354,9
171,354,11
172,354,18
173,354,23
174,354,27
175,354,30
176,354,31
177,354,33
178,354,35
179,354,39
180,354,41
181,354,43
182,354,44
183,354,45
184,354,47
185,357,1
186,357,4
187,357,19
188,357,27
189,358,1
190,358,4
191,359,1
192,359,4
193,361,1
194,361,48
195,364,1
196,364,4
197,364,36
198,380,1
199,380,4
200,381,1
201,381,21
202,383,1
203,383,4
204,384,1
205,384,48
206,385,1
207,385,48
208,387,1
209,387,34
210,387,46
211,390,1
212,390,48
213,394,1
214,394,44
215,410,1
216,410,15
217,414,1
218,414,32
219,414,46
220,415,1
221,415,15
222,425,1
223,425,26
224,432,1
225,432,32
226,434,1
227,434,34
228,434,46
229,435,1
230,435,3
231,438,1
232,438,7
233,438,9
234,438,11
235,438,19
236,438,22
237,438,23
238,438,27
239,438,28
240,438,29
241,438,33
242,438,35
243,438,39
244,438,41
245,438,43
246,438,44
247,438,45
248,438,47
249,438,48
250,438,49
251,438,51
252,440,1
253,440,5
254,447,1
255,447,48
256,448,1
257,448,7
258,448,9
259,448,11
260,448,19
261,448,22
262,448,23
263,448,27
264,448,29
265,448,31
266,448,33
267,448,35
268,448,39
269,448,40
270,448,41
271,448,43
272,448,44
273,448,47
274,448,48
275,448,51
276,448,52
277,451,1
278,451,26
279,451,34
280,456,1
281,456,48
282,458,1
283,458,25
284,468,1
285,468,11
286,468,19
287,469,1
288,469,11
289,469,19
290,470,1
291,470,11
292,470,19
293,472,1
294,472,5
295,474,1
296,474,15
297,475,1
298,475,8
299,475,11
300,475,17
301,480,1
302,480,2
303,480,20
304,480,31
305,480,43
306,480,49
307,480,51
308,490,1
309,490,7
310,490,14
311,490,30
312,490,50
313,500,1
314,500,50
315,521,1
316,521,15
317,540,1
318,540,36
319,552,1
320,552,8
321,693,1
322,693,41
323,701,1
324,701,8
325,760,1
326,760,14
327,761,1
328,761,25
329,774,1
330,774,34
331,775,1
332,775,34
333,782,1
334,782,25
335,790,1
336,790,47
337,813,1
338,813,12
339,813,37
340,833,1
341,833,17
342,834,1
343,834,17
344,835,1
345,835,17
346,836,1
347,836,17
348,837,1
349,837,17
350,845,1
351,845,17
352,850,1
353,850,17
354,903,1
355,903,12
356,903,37
357,917,1
358,917,12
359,917,37
360,942,1
361,942,37
362,973,1
363,973,42
364,982,1
365,982,25
366,984,1
367,984,25
368,1004,2
369,1004,10
370,1005,2
371,1005,3
372,1007,2
373,1007,9
374,1025,2
375,1025,3
376,1027,2
377,1027,6
378,1028,2
379,1028,9
380,1030,2
381,1030,6
382,1030,9
383,1032,3
384,1032,10
385,1033,2
386,1033,6
387,1033,10
388,1033,13
389,1034,2
390,1034,3
391,1034,9
392,1052,2
393,1052,6
394,1052,10
395,1067,2
396,1067,9
397,1079,2
398,1079,6
399,1079,9
400,1081,2
401,1081,6
402,1082,2
403,1082,6
404,1087,2
405,1087,6
406,1092,2
407,1092,6
408,1094,2
409,1094,10
410,1100,2
411,1100,6
412,1106,2
413,1106,9
414,1107,2
415,1107,6
416,1107,10
417,1128,9
418,1128,10
419,1138,2
420,1138,10
421,1138,14
422,1138,50
423,1144,2
424,1144,16
425,1144,50
426,1149,2
427,1149,7
428,1149,16
429,1150,2
430,1150,16
431,1150,50
432,1151,2
433,1151,50
434,1154,2
435,1154,50
436,1156,2
437,1156,7
438,1156,16
439,1157,2
440,1157,50
441,1160,2
442,1160,6
443,1164,2
444,1164,50
445,1165,2
446,1165,6
447,1166,2
448,1166,50
449,1168,2
450,1168,50
451,1170,2
452,1170,16
453,1170,50
454,1171,2
455,1171,50
456,1173,2
457,1173,17
458,1173,50
459,1174,2
460,1174,50
461,1177,2
462,1177,6
463,1177,13
464,1177,50
465,1178,2
466,1178,7
467,1178,13
468,1178,16
469,1178,18
470,1179,2
471,1179,6
472,1180,2
473,1180,50
474,1181,2
475,1181,16
476,1183,2
477,1183,8
478,1183,11
479,1187,2
480,1187,50
481,1191,2
482,1191,18
483,1191,50
484,1194,2
485,1194,11
486,1198,2
487,1198,50
488,1199,2
489,1199,6
490,1199,8
491,1199,16
492,1199,50
493,1201,6
494,1201,16
495,1201,50
496,1205,6
497,1205,7
498,1205,11
499,1205,16
500,1205,18
501,1205,50
502,1206,6
503,1206,50
504,1214,6
505,1214,18
506,1216,10
507,1216,16
508,1216,50
509,1217,10
510,1217,50
511,1222,2
512,1222,20
513,1229,2
514,1229,12
515,1229,51
516,1232,2
517,1232,10
518,1232,13
519,1232,31
520,1232,42
521,1243,2
522,1243,6
523,1243,16
524,1243,17
525,1243,20
526,1243,31
527,1243,33
528,1243,42
529,1243,43
530,1243,47
531,1243,49
532,1249,2
533,1249,6
534,1249,51
535,1251,2
536,1251,47
537,1251,51
538,1252,2
539,1252,20
540,1252,31
541,1252,42
542,1252,47
543,1253,2
544,1253,3
545,1253,20
546,1253,31
547,1253,47
548,1253,49
549,1254,2
550,1254,6
551,1254,8
552,1254,9
553,1254,10
554,1254,20
555,1254,31
556,1254,42
557,1254,47
558,1256,2
559,1256,42
560,1258,2
561,1258,8
562,1258,12
563,1258,16
564,1258,20
565,1258,31
566,1259,2
567,1259,6
568,1259,20
569,1259,31
570,1261,2
571,1261,16
572,1262,2
573,1262,14
574,1262,16
575,1262,17
576,1264,2
577,1264,17
578,1264,31
579,1267,2
580,1267,31
581,1268,2
582,1268,31
583,1270,2
584,1270,12
585,1270,14
586,1270,16
587,1272,2
588,1272,16
589,1273,2
590,1273,8
591,1273,16
592,1273,20
593,1274,2
594,1274,8
595,1274,16
596,1274,20
597,1275,2
598,1275,20
599,1275,31
600,1276,2
601,1276,16
602,1279,2
603,1279,3
604,1279,14
605,1281,2
606,1281,3
607,1281,6
608,1281,9
609,1281,10
610,1281,12
611,1281,14
612,1281,17
613,1281,20
614,1281,31
615,1281,43
616,1281,47
617,1281,49
618,1281,52
619,1287,2
620,1287,16
621,1287,31
622,1287,43
623,1290,6
624,1290,17
625,1290,43
626,1293,6
627,1293,17
628,1293,49
629,1295,6
630,1295,10
631,1295,12
632,1296,6
633,1296,8
634,1296,16
635,1296,31
636,1298,6
637,1298,43
638,1300,6
639,1300,31
640,1301,6
641,1301,8
642,1301,20
643,1301,31
644,1301,43
645,1302,6
646,1302,14
647,1302,20
648,1302,31
649,1302,33
650,1302,43
651,1302,47
652,1302,52
653,1306,6
654,1306,9
655,1306,10
656,1306,14
657,1307,6
658,1307,31
659,1310,6
660,1310,12
661,1310,31
662,1310,43
663,1311,6
664,1311,9
665,1311,12
666,1311,31
667,1311,43
668,1311,47
669,1311,51
670,1313,6
671,1313,8
672,1313,12
673,1313,14
674,1313,20
675,1313,31
676,1313,43
677,1313,49
678,1313,51
679,1314,6
680,1314,43
681,1314,49
682,1319,6
683,1319,8
684,1319,14
685,1319,16
686,1319,31
687,1319,43
688,1319,47
689,1319,51
690,1325,6
691,1325,10
692,1325,31
693,1325,51
694,1325,52
695,1329,8
696,1329,31
697,1329,43
698,1333,8
699,1333,43
700,1333,51
701,1337,8
702,1337,12
703,1337,51
704,1338,8
705,1338,20
706,1338,43
707,1338,51
708,1341,8
709,1341,51
710,1341,52
711,1349,2
712,1349,11
713,1349,19
714,1353,2
715,1353,29
716,1354,2
717,1354,45
718,1356,2
719,1356,3
720,1360,2
721,1360,39
722,1360,45
723,1362,2
724,1362,22
725,1362,39
726,1363,2
727,1363,6
728,1363,7
729,1363,8
730,1363,10
731,1363,11
732,1363,14
733,1363,18
734,1363,19
735,1363,22
736,1363,27
737,1363,39
738,1363,41
739,1363,45
740,1365,2
741,1365,18
742,1367,2
743,1367,12
744,1367,18
745,1370,2
746,1370,19
747,1371,2
748,1371,11
749,1371,18
750,1371,39
751,1372,2
752,1372,10
753,1372,11
754,1372,39
755,1373,2
756,1373,19
757,1375,2
758,1375,18
759,1375,39
760,1376,2
761,1376,18
762,1377,2
763,1377,19
764,1378,2
765,1378,18
766,1378,19
767,1379,2
768,1379,19
769,1380,2
770,1380,18
771,1380,27
772,1381,2
773,1381,18
774,1382,2
775,1382,19
776,1385,2
777,1385,23
778,1386,2
779,1386,6
780,1386,27
781,1388,2
782,1388,6
783,1388,8
784,1388,10
785,1388,11
786,1388,19
787,1388,22
788,1388,23
789,1388,27
790,1388,28
791,1388,39
792,1388,41
793,1388,45
794,1390,2
795,1390,27
796,1391,2
797,1391,19
798,1393,2
799,1393,6
800,1395,2
801,1395,6
802,1395,7
803,1395,12
804,1395,13
805,1395,27
806,1395,29
807,1395,39
808,1396,2
809,1396,12
810,1396,18
811,1398,2
812,1398,12
813,1398,27
814,1398,29
815,1398,39
816,1398,45
817,1399,2
818,1399,27
819,1399,29
820,1399,39
821,1399,41
822,1399,45
823,1401,2
824,1401,3
825,1401,6
826,1401,8
827,1401,10
828,1401,14
829,1401,18
830,1401,19
831,1401,27
832,1401,28
833,1401,39
834,1401,41
835,1401,45
836,1402,2
837,1402,27
838,1402,45
839,1404,2
840,1404,11
841,1404,18
842,1405,2
843,1405,18
844,1405,27
845,1405,39
846,1405,45
847,1405,50
848,1406,2
849,1406,39
850,1407,2
851,1407,8
852,1407,11
853,1407,14
854,1407,18
855,1407,19
856,1407,22
857,1407,27
858,1407,39
859,1407,41
860,1407,45
861,1408,2
862,1408,10
863,1408,18
864,1408,22
865,1408,39
866,1409,3
867,1409,12
868,1409,14
869,1409,18
870,1409,19
871,1409,27
872,1409,28
873,1409,29
874,1409,39
875,1409,41
876,1410,3
877,1410,39
878,1410,45
879,1411,6
880,1411,10
881,1411,11
882,1412,6
883,1412,39
884,1413,6
885,1413,10
886,1413,11
887,1413,18
888,1413,19
889,1413,22
890,1413,23
891,1413,27
892,1413,28
893,1413,29
894,1413,39
895,1413,41
896,1413,45
897,1413,50
898,1414,6
899,1414,8
900,1414,11
901,1414,18
902,1414,22
903,1414,27
904,1414,29
905,1414,39
906,1414,45
907,1416,6
908,1416,45
909,1422,6
910,1422,10
911,1422,18
912,1422,19
913,1422,23
914,1422,39
915,1422,41
916,1422,45
917,1423,6
918,1423,10
919,1423,11
920,1423,12
921,1423,14
922,1423,18
923,1423,19
924,1423,22
925,1423,27
926,1423,28
927,1423,39
928,1423,41
929,1423,45
930,1423,50
931,1424,6
932,1424,27
933,1424,28
934,1424,39
935,1425,6
936,1425,7
937,1425,10
938,1425,29
939,1425,39
940,1426,6
941,1426,18
942,1632,10
943,1632,11
944,1683,10
945,1683,11
946,1791,10
947,1791,11
948,1806,10
949,1806,11
950,1866,10
951,1866,11
952,1872,10
953,1872,11
954,1874,10
955,1874,11
956,1881,10
957,1881,11
958,1928,6
959,1928,8
960,1928,11
961,1928,22
962,1928,27
963,1928,29
964,1928,39
965,1928,50
966,1931,6
967,1931,29
968,1931,39
969,1933,6
970,1933,11
971,1933,14
972,1933,22
973,1933,23
974,1933,27
975,1933,29
976,1933,39
977,1934,6
978,1934,11
979,1934,12
980,1934,14
981,1934,18
982,1934,27
983,1934,28
984,1934,29
985,1934,39
986,1934,41
987,1935,6
988,1935,12
989,1936,6
990,1936,27
991,1937,6
992,1937,39
993,1941,7
994,1941,11
995,1941,14
996,1941,18
997,1941,27
998,1941,39
999,1941,45
1000,1943,7
1001,1943,14
1002,1943,19
1003,1943,27
1004,1943,28
1005,1943,39
1006,1943,41
1007,1943,45
1008,1944,7
1009,1944,50
1010,1950,4
1011,1950,17
1012,1951,4
1013,1951,11
1014,1954,7
1015,1954,50
1016,1958,7
1017,1958,30
1018,1961,7
1019,1961,17
1020,1961,30
1021,1962,7
1022,1962,17
1023,1962,30
1024,1964,7
1025,1964,17
1026,1964,50
1027,1966,7
1028,1966,11
1029,1966,17
1030,1966,30
1031,1966,35
1032,1966,40
1033,1966,50
1034,1967,7
1035,1967,11
1036,1967,14
1037,1967,17
1038,1967,30
1039,1967,35
1040,1967,40
1041,1967,50
1042,1968,7
1043,1968,30
1044,1969,7
1045,1969,17
1046,1969,30
1047,1970,7
1048,1970,30
1049,1972,7
1050,1972,35
1051,1972,40
1052,1972,50
1053,1973,7
1054,1973,50
1055,1974,7
1056,1974,40
1057,1974,50
1058,1976,7
1059,1976,50
1060,1977,7
1061,1977,13
1062,1977,30
1063,1978,7
1064,1978,30
1065,1980,7
1066,1980,17
1067,1980,30
1068,1982,7
1069,1982,17
1070,1982,30
1071,1985,7
1072,1985,30
1073,1988,7
1074,1988,17
1075,1989,7
1076,1989,8
1077,1990,7
1078,1990,18
1079,1991,7
1080,1991,17
1081,1991,50
1082,1993,7
1083,1993,17
1084,1993,30
1085,1997,7
1086,1997,14
1087,1997,18
1088,1997,30
1089,1998,7
1090,1998,30
1091,1999,7
1092,1999,18
1093,2000,7
1094,2000,11
1095,2000,30
1096,2000,35
1097,2001,7
1098,2001,11
1099,2001,12
1100,2001,18
1101,2001,30
1102,2002,7
1103,2002,17
1104,2002,50
1105,2005,7
1106,2005,50
1107,2007,7
1108,2007,30
1109,2009,7
1110,2009,17
1111,2009,30
1112,2010,7
1113,2010,30
1114,2015,7
1115,2015,17
1116,2015,30
1117,2016,7
1118,2016,40
1119,2023,7
1120,2023,17
1121,2023,30
1122,2024,7
1123,2024,17
1124,2024,50
1125,2026,7
1126,2026,17
1127,2026,30
1128,2027,7
1129,2027,13
1130,2027,30
1131,2029,7
1132,2029,12
1133,2029,17
1134,2029,18
1135,2029,30
1136,2029,35
1137,2029,40
1138,2035,7
1139,2035,11
1140,2035,17
1141,2035,18
1142,2035,30
1143,2035,35
1144,2043,7
1145,2043,8
1146,2043,11
1147,2043,18
1148,2043,30
1149,2043,50
1150,2045,7
1151,2045,17
1152,2045,18
1153,2045,30
1154,2045,35
1155,2045,40
1156,2045,50
1157,2046,7
1158,2046,17
1159,2046,18
1160,2046,30
1161,2046,35
1162,2046,50
1163,2054,7
1164,2054,40
1165,2055,7
1166,2055,30
1167,2058,7
1168,2058,30
1169,2058,40
1170,2059,7
1171,2059,11
1172,2059,30
1173,2060,7
1174,2060,30
1175,2063,7
1176,2063,11
1177,2063,30
1178,2063,35
1179,2063,40
1180,2065,7
1181,2065,50
1182,2069,7
1183,2069,11
1184,2069,30
1185,2069,35
1186,2069,40
1187,2069,50
1188,2075,7
1189,2075,14
1190,2075,30
1191,2075,35
1192,2075,40
1193,2075,50
1194,2077,7
1195,2077,35
1196,2091,7
1197,2091,18
1198,2093,7
1199,2093,18
1200,2093,50
1201,2095,7
1202,2095,18
1203,2102,7
1204,2102,51
1205,2105,7
1206,2105,11
1207,2109,7
1208,2109,22
1209,2109,31
1210,2109,39
1211,2109,44
1212,2109,47
1213,2109,51
1214,2110,7
1215,2110,27
1216,2116,7
1217,2116,13
1218,2116,23
1219,2116,27
1220,2116,28
1221,2116,30
1222,2116,39
1223,2116,47
1224,2117,7
1225,2117,13
1226,2117,23
1227,2117,27
1228,2117,30
1229,2117,33
1230,2117,39
1231,2117,49
1232,2118,9
1233,2118,45
1234,2119,7
1235,2119,9
1236,2119,13
1237,2120,7
1238,2120,11
1239,2120,13
1240,2120,39
1241,2121,7
1242,2121,11
1243,2121,18
1244,2121,52
1245,2122,7
1246,2122,9
1247,2122,13
1248,2122,23
1249,2122,27
1250,2122,28
1251,2122,30
1252,2122,33
1253,2122,39
1254,2122,51
1255,2123,7
1256,2123,13
1257,2123,23
1258,2123,27
1259,2123,30
1260,2123,35
1261,2124,7
1262,2124,11
1263,2124,13
1264,2125,7
1265,2125,11
1266,2125,13
1267,2125,18
1268,2125,19
1269,2125,22
1270,2125,27
1271,2125,39
1272,2126,7
1273,2126,11
1274,2126,13
1275,2126,35
1276,2127,7
1277,2127,13
1278,2127,23
1279,2127,27
1280,2127,30
1281,2127,31
1282,2127,39
1283,2127,48
1284,2131,7
1285,2131,30
1286,2142,7
1287,2142,33
1288,2142,47
1289,2143,7
1290,2143,9
1291,2143,11
1292,2143,18
1293,2143,19
1294,2143,27
1295,2143,29
1296,2143,33
1297,2143,39
1298,2143,44
1299,2143,47
1300,2143,49
1301,2144,7
1302,2144,18
1303,2144,33
1304,2144,39
1305,2144,41
1306,2148,7
1307,2148,47
1308,2151,7
1309,2151,18
1310,2151,19
1311,2152,7
1312,2152,18
1313,2152,19
1314,2152,27
1315,2154,7
1316,2154,18
1317,2154,19
1318,2154,27
1319,2155,7
1320,2155,11
1321,2157,7
1322,2157,11
1323,2157,18
1324,2157,27
1325,2158,7
1326,2158,18
1327,2159,7
1328,2159,11
1329,2159,19
1330,2160,7
1331,2160,11
1332,2160,19
1333,2161,7
1334,2161,19
1335,2162,7
1336,2162,22
1337,2162,23
1338,2162,27
1339,2162,39
1340,2164,7
1341,2164,19
1342,2164,22
1343,2164,27
1344,2164,28
1345,2164,35
1346,2164,39
1347,2164,44
1348,2164,45
1349,2164,48
1350,2164,49
1351,2164,51
1352,2164,52
1353,2165,7
1354,2165,23
1355,2168,7
1356,2168,11
1357,2168,19
1358,2168,23
1359,2168,30
1360,2168,49
1361,2168,51
1362,2170,7
1363,2170,19
1364,2170,23
1365,2170,27
1366,2170,29
1367,2170,30
1368,2170,33
1369,2170,35
1370,2170,39
1371,2170,40
1372,2170,41
1373,2170,42
1374,2170,44
1375,2170,45
1376,2170,48
1377,2170,49
1378,2170,51
1379,2170,52
1380,2172,7
1381,2172,22
1382,2172,27
1383,2172,30
1384,2172,31
1385,2172,33
1386,2172,39
1387,2172,44
1388,2173,7
1389,2173,11
1390,2173,19
1391,2173,22
1392,2173,23
1393,2173,27
1394,2173,28
1395,2173,29
1396,2173,30
1397,2173,33
1398,2173,35
1399,2173,39
1400,2173,44
1401,2173,49
1402,2173,51
1403,2175,7
1404,2175,11
1405,2175,19
1406,2175,23
1407,2175,27
1408,2175,28
1409,2175,29
1410,2175,31
1411,2175,33
1412,2175,35
1413,2175,39
1414,2175,40
1415,2175,41
1416,2175,43
1417,2175,44
1418,2175,45
1419,2175,47
1420,2175,48
1421,2175,49
1422,2175,51
1423,2176,7
1424,2176,44
1425,2177,7
1426,2177,19
1427,2177,43
1428,2179,7
1429,2179,11
1430,2179,19
1431,2179,20
1432,2179,27
1433,2179,30
1434,2179,45
1435,2179,48
1436,2179,51
1437,2191,7
1438,2191,11
1439,2191,19
1440,2191,27
1441,2191,30
1442,2196,11
1443,2196,30
1444,2196,33
1445,2196,39
1446,2196,45
1447,2196,47
1448,2196,48
1449,2197,11
1450,2197,19
1451,2197,31
1452,2197,33
1453,2197,35
1454,2197,39
1455,2197,43
1456,2197,48
1457,2363,3
1458,2363,12
1459,2363,16
1460,2368,12
1461,2368,18
1462,2370,12
1463,2370,16
1464,2372,12
1465,2372,16
1466,2373,12
1467,2373,16
1468,2374,12
1469,2374,16
1470,2374,18
1471,2376,12
1472,2376,16
1473,2382,12
1474,2382,16
1475,2382,17
1476,2383,12
1477,2383,16
1478,2384,12
1479,2384,17
1480,2389,12
1481,2389,18
1482,2392,12
1483,2392,18
1484,2393,12
1485,2393,16
1486,2399,12
1487,2399,16
1488,2406,12
1489,2406,16
1490,2407,12
1491,2407,16
1492,2413,12
1493,2413,17
1494,2413,18
1495,2418,12
1496,2418,16
1497,2423,12
1498,2423,17
1499,2423,18
1500,2426,12
1501,2426,17
1502,2436,12
1503,2436,37
1504,2437,12
1505,2437,37
1506,2438,12
1507,2438,37
1508,2441,12
1509,2441,37
1510,2463,12
1511,2463,37
1512,2476,12
1513,2476,37
1514,2480,12
1515,2480,37
1516,2481,12
1517,2481,37
1518,2492,12
1519,2492,37
1520,2498,12
1521,2498,37
1522,2500,12
1523,2500,37
1524,2502,2
1525,2502,12
1526,2519,12
1527,2519,37
1528,2521,12
1529,2521,37
1530,2532,12
1531,2532,37
1532,2535,12
1533,2535,37
1534,2537,12
1535,2537,37
1536,2540,12
1537,2540,37
1538,2542,12
1539,2542,37
1540,2543,12
1541,2543,37
1542,2544,12
1543,2544,37
1544,2548,12
1545,2548,37
1546,2555,12
1547,2555,37
1548,2556,12
1549,2556,37
1550,2561,12
1551,2561,37
1552,2563,12
1553,2563,37
1554,2564,12
1555,2564,37
1556,2569,12
1557,2569,37
1558,2570,12
1559,2570,37
1560,2571,12
1561,2571,37
1562,2574,12
1563,2574,37
1564,2575,12
1565,2575,37
1566,2576,12
1567,2576,37
1568,2577,12
1569,2577,37
1570,2580,12
1571,2580,37
1572,2582,12
1573,2582,37
1574,2587,12
1575,2587,37
1576,2588,12
1577,2588,37
1578,2589,12
1579,2589,37
1580,2590,12
1581,2590,37
1582,2594,12
1583,2594,37
1584,2615,12
1585,2615,37
1586,2618,12
1587,2618,37
1588,2619,12
1589,2619,37
1590,2623,12
1591,2623,37
1592,2624,12
1593,2624,37
1594,2627,12
1595,2627,37
1596,2630,12
1597,2630,37
1598,2634,12
1599,2634,37
1600,2645,12
1601,2645,37
1602,2648,12
1603,2648,37
1604,2652,12
1605,2652,37
1606,2666,12
1607,2666,37
1608,2675,12
1609,2675,37
1610,2679,12
1611,2679,37
1612,2692,12
1613,2692,37
1614,2695,12
1615,2695,37
1616,2699,12
1617,2699,37
1618,2700,12
1619,2700,37
1620,2703,12
1621,2703,37
1622,2704,12
1623,2704,37
1624,2712,12
1625,2712,37
1626,2717,12
1627,2717,37
1628,2719,12
1629,2719,37
1630,2732,12
1631,2732,37
1632,2738,12
1633,2738,37
1634,2739,12
1635,2739,37
1636,2740,12
1637,2740,37
1638,2741,12
1639,2741,37
1640,2750,12
1641,2750,37
1642,2752,12
1643,2752,37
1644,2756,12
1645,2756,37
1646,2757,12
1647,2757,37
1648,2762,12
1649,2762,37
1650,2779,12
1651,2779,37
1652,2780,12
1653,2780,37
1654,2785,12
1655,2785,37
1656,2786,12
1657,2786,37
1658,2790,12
1659,2790,37
1660,2792,12
1661,2792,37
1662,2794,12
1663,2794,37
1664,2797,12
1665,2797,37
1666,2799,12
1667,2799,37
1668,2800,12
1669,2800,37
1670,2807,12
1671,2807,37
1672,2809,12
1673,2809,37
1674,2810,12
1675,2810,37
1676,2814,12
1677,2814,37
1678,2824,12
1679,2824,37
1680,2827,12
1681,2827,37
1682,2836,12
1683,2836,37
1684,2849,12
1685,2849,37
1686,2860,12
1687,2860,37
1688,2867,12
1689,2867,37
1690,2869,12
1691,2869,37
1692,2874,12
1693,2874,37
1694,2883,12
1695,2883,37
1696,2897,12
1697,2897,37
1698,2900,12
1699,2900,37
1700,2905,12
1701,2905,37
1702,2915,12
1703,2915,37
1704,2925,13
1705,2925,38
1706,2925,46
1707,2935,13
1708,2935,48
1709,2936,5
1710,2936,13
1711,2937,13
1712,2937,48
1713,2940,13
1714,2940,48
1715,2941,13
1716,2941,32
1717,2941,36
1718,2941,38
1719,2942,13
1720,2942,38
1721,2942,46
1722,2943,5
1723,2943,13
1724,2943,26
1725,2943,34
1726,2945,13
1727,2945,21
1728,2945,24
1729,2945,32
1730,2945,38
1731,2947,13
1732,2947,48
1733,2948,5
1734,2948,13
1735,2948,34
1736,2953,13
1737,2953,24
1738,2953,32
1739,2953,38
1740,2955,13
1741,2955,25
1742,2955,32
1743,2955,38
1744,2957,13
1745,2957,21
1746,2957,24
1747,2957,32
1748,2957,36
1749,2957,38
1750,2962,13
1751,2962,21
1752,2962,32
1753,2962,36
1754,2962,38
1755,2962,46
1756,2963,2
1757,2963,13
1758,2967,13
1759,2967,48
1760,2968,5
1761,2968,13
1762,2968,26
1763,2988,13
1764,2988,48
1765,3021,5
1766,3021,26
1767,3024,3
1768,3024,13
1769,3038,2
1770,3038,5
1771,3054,5
1772,3054,26
1773,3054,37
1774,3064,2
1775,3064,13
1776,3072,13
1777,3072,48
1778,3076,13
1779,3076,48
1780,3081,13
1781,3081,21
1782,3081,46
1783,3082,13
1784,3082,15
1785,3084,5
1786,3084,26
1787,3084,34
1788,3092,5
1789,3092,26
1790,3101,13
1791,3101,21
1792,3101,24
1793,3101,26
1794,3101,34
1795,3101,36
1796,3101,37
1797,3101,46
1798,3111,13
1799,3111,48
1800,3115,13
1801,3115,48
1802,3121,5
1803,3121,44
1804,3125,5
1805,3125,13
1806,3130,5
1807,3130,26
1808,3135,13
1809,3135,21
1810,3137,13
1811,3137,48
1812,3139,13
1813,3139,21
1814,3139,24
1815,3143,13
1816,3143,48
1817,3149,13
1818,3149,25
1819,3149,32
1820,3149,38
1821,3153,5
1822,3153,44
1823,3154,13
1824,3154,48
1825,3162,5
1826,3162,44
1827,3163,5
1828,3163,26
1829,3164,13
1830,3164,25
1831,3167,13
1832,3167,48
1833,3170,13
1834,3170,25
1835,3174,13
1836,3174,48
1837,3187,13
1838,3187,25
1839,3189,5
1840,3189,44
1841,3204,5
1842,3204,13
1843,3204,26
1844,3204,34
1845,3218,13
1846,3218,25
1847,3222,13
1848,3222,46
1849,3224,13
1850,3224,21
1851,3224,24
1852,3228,5
1853,3228,26
1854,3231,13
1855,3231,21
1856,3231,24
1857,3232,13
1858,3232,48
1859,3235,13
1860,3235,48
1861,3236,5
1862,3236,44
1863,3239,13
1864,3239,25
1865,3242,13
1866,3242,48
1867,3246,5
1868,3246,13
1869,3250,5
1870,3250,44
1871,3253,5
1872,3253,26
1873,3257,13
1874,3257,48
1875,3263,13
1876,3263,48
1877,3271,5
1878,3271,44
1879,3272,13
1880,3272,38
1881,3273,13
1882,3273,25
1883,3274,13
1884,3274,48
1885,3287,13
1886,3287,40
1887,3329,13
1888,3329,33
1889,3329,51
1890,3367,13
1891,3367,21
1892,3367,24
1893,3427,13
1894,3427,21
1895,3427,24
1896,3432,13
1897,3432,21
1898,3432,24
1899,3444,13
1900,3444,21
1901,3477,13
1902,3477,21
1903,3553,13
1904,3553,21
1905,3553,24
1906,3556,13
1907,3556,32
1908,3556,38
1909,3556,46
1910,3565,13
1911,3565,32
1912,3565,46
1913,3622,13
1914,3622,21
1915,3714,13
1916,3714,26
1917,3750,13
1918,3750,21
1919,3763,13
1920,3763,48
1921,3777,13
1922,3777,21
1923,3777,24
1924,3777,26
1925,3844,14
1926,3844,47
1927,3845,14
1928,3845,47
1929,3848,14
1930,3848,47
1931,3849,14
1932,3849,47
1933,3895,14
1934,3895,47
1935,3896,14
1936,3896,47
1937,3897,14
1938,3897,47
1939,3898,14
1940,3898,47
1941,3899,14
1942,3899,47
1943,3902,14
1944,3902,47
1945,3905,14
1946,3905,47
1947,3906,14
1948,3906,47
1949,3907,14
1950,3907,47
1951,3910,14
1952,3910,47
1953,3911,14
1954,3911,47
1955,3912,14
1956,3912,47
1957,3913,14
1958,3913,47
1959,3914,14
1960,3914,47
1961,4084,14
1962,4084,18
1963,4088,14
1964,4088,18
1965,4102,14
1966,4102,18
1967,4103,14
1968,4103,18
1969,4104,14
1970,4104,18
1971,4105,14
1972,4105,18
1973,4115,14
1974,4115,18
1975,4116,14
1976,4116,18
1977,4118,14
1978,4118,18
1979,4147,14
1980,4147,18
1981,4164,14
1982,4164,18
1983,4170,14
1984,4170,18
1985,4172,14
1986,4172,18
1987,4208,14
1988,4208,18
1989,4243,14
1990,4243,18
1991,4244,14
1992,4244,18
1993,4263,14
1994,4263,18
1995,4275,4
1996,4275,15
1997,4277,4
1998,4277,15
1999,4277,16
2000,4358,15
2001,4358,16
2002,4362,15
2003,4362,16
2004,4363,15
2005,4363,16
2006,4472,3
2007,4472,15
2008,4476,3
2009,4476,15
2010,4479,3
2011,4479,15
2012,4543,4
2013,4543,44
2014,4544,4
2015,4544,15
2016,4544,44
2017,4546,5
2018,4546,44
2019,4550,5
2020,4550,44
2021,4551,5
2022,4551,44
2023,4552,5
2024,4552,44
2025,4554,5
2026,4554,44
2027,4555,5
2028,4555,15
2029,4555,44
2030,4559,5
2031,4559,44
2032,4560,5
2033,4560,44
2034,4561,5
2035,4561,44
2036,4562,5
2037,4562,15
2038,4565,5
2039,4565,44
2040,4568,5
2041,4568,44
2042,4569,5
2043,4569,15
2044,4570,5
2045,4570,44
2046,4573,5
2047,4573,15
2048,4573,44
2049,4579,5
2050,4579,15
2051,4580,5
2052,4580,15
2053,4580,44
2054,4582,5
2055,4582,15
2056,4582,44
2057,4583,5
2058,4583,44
2059,4584,5
2060,4584,15
2061,4584,44
2062,4587,5
2063,4587,15
2064,4587,44
2065,4590,5
2066,4590,15
2067,4590,44
2068,4592,5
2069,4592,15
2070,4592,44
2071,4601,5
2072,4601,15
2073,4601,44
2074,4609,15
2075,4609,44
2076,4614,15
2077,4614,44
2078,4616,15
2079,4616,44
2080,4622,15
2081,4622,44
2082,4623,15
2083,4623,44
2084,4626,15
2085,4626,44
2086,4628,15
2087,4628,44
2088,4629,15
2089,4629,44
2090,4630,15
2091,4630,44
2092,4632,15
2093,4632,44
2094,4637,15
2095,4637,44
2096,4638,15
2097,4638,44
2098,4639,15
2099,4639,44
2100,4640,15
2101,4640,44
2102,4643,15
2103,4643,44
2104,4644,15
2105,4644,44
2106,4645,15
2107,4645,44
2108,4646,15
2109,4646,44
2110,4647,15
2111,4647,44
2112,5146,2
2113,5146,16
2114,5154,2
2115,5154,16
2116,5155,2
2117,5155,16
2118,5157,2
2119,5157,16
2120,5169,2
2121,5169,16
2122,5176,2
2123,5176,16
2124,5178,2
2125,5178,16
2126,5181,2
2127,5181,16
2128,5182,2
2129,5182,16
2130,5183,2
2131,5183,16
2132,5187,2
2133,5187,16
2134,5188,2
2135,5188,16
2136,5192,2
2137,5192,16
2138,5195,2
2139,5195,16
2140,5202,2
2141,5202,16
2142,5204,2
2143,5204,16
2144,5212,2
2145,5212,16
2146,5846,17
2147,5846,20
2148,5846,23
2149,5857,17
2150,5857,22
2151,5881,17
2152,5881,19
2153,5928,17
2154,5928,19
2155,5934,17
2156,5934,20
2157,5947,17
2158,5947,19
2159,5947,22
2160,5954,17
2161,5954,19
2162,5954,22
2163,5954,23
2164,5957,17
2165,5957,19
2166,5957,20
2167,5962,17
2168,5962,20
2169,5965,17
2170,5965,20
2171,5968,17
2172,5968,20
2173,5982,17
2174,5982,20
2175,5987,17
2176,5987,20
2177,5987,22
2178,5987,23
2179,6005,17
2180,6005,22
2181,6006,17
2182,6006,22
2183,6014,17
2184,6014,20
2185,6016,17
2186,6016,23
2187,6017,17
2188,6017,22
2189,6019,17
2190,6019,20
2191,6019,23
2192,6020,17
2193,6020,20
2194,6020,23
2195,6024,17
2196,6024,20
2197,6034,17
2198,6034,22
2199,6050,17
2200,6050,22
2201,6051,17
2202,6051,22
2203,6053,17
2204,6053,22
2205,6066,17
2206,6066,22
2207,6071,17
2208,6071,22
2209,6107,17
2210,6107,22
2211,6108,17
2212,6108,22
2213,6126,17
2214,6126,22
2215,6389,19
2216,6389,27
2217,6389,31
2218,6389,35
2219,6389,40
2220,6389,41
2221,6389,44
2222,6389,47
2223,6391,19
2224,6391,27
2225,6392,19
2226,6392,27
2227,6393,19
2228,6393,23
2229,6393,27
2230,6394,19
2231,6394,23
2232,6397,19
2233,6397,33
2234,6397,35
2235,6397,39
2236,6397,40
2237,6397,41
2238,6397,44
2239,6397,47
2240,6397,48
2241,6397,49
2242,6397,51
2243,6397,52
2244,6398,19
2245,6398,22
2246,6398,27
2247,6398,39
2248,6398,44
2249,6398,47
2250,6398,50
2251,6399,19
2252,6399,23
2253,6399,29
2254,6399,35
2255,6399,39
2256,6399,45
2257,6399,51
2258,6403,19
2259,6403,22
2260,6403,27
2261,6403,28
2262,6403,33
2263,6403,35
2264,6403,39
2265,6403,40
2266,6403,41
2267,6403,43
2268,6403,44
2269,6403,45
2270,6403,47
2271,6403,48
2272,6403,49
2273,6403,51
2274,6403,52
2275,6407,19
2276,6407,22
2277,6407,23
2278,6407,27
2279,6407,30
2280,6407,31
2281,6407,39
2282,6407,44
2283,6407,45
2284,6408,19
2285,6408,40
2286,6408,47
2287,6410,19
2288,6410,47
2289,6412,19
2290,6412,35
2291,6412,39
2292,6413,19
2293,6413,22
2294,6413,28
2295,6413,31
2296,6413,35
2297,6413,39
2298,6413,40
2299,6413,42
2300,6413,43
2301,6413,45
2302,6413,47
2303,6413,51
2304,6414,19
2305,6414,27
2306,6414,28
2307,6414,29
2308,6414,30
2309,6414,33
2310,6414,35
2311,6414,39
2312,6414,44
2313,6414,45
2314,6414,47
2315,6414,48
2316,6414,49
2317,6414,50
2318,6414,51
2319,6414,52
2320,6415,19
2321,6415,22
2322,6415,29
2323,6418,19
2324,6418,22
2325,6418,23
2326,6418,27
2327,6418,29
2328,6418,30
2329,6418,33
2330,6418,39
2331,6418,41
2332,6418,43
2333,6418,45
2334,6418,47
2335,6418,49
2336,6418,51
2337,6421,19
2338,6421,41
2339,6421,43
2340,6422,19
2341,6422,41
2342,6422,42
2343,6423,19
2344,6423,39
2345,6423,43
2346,6424,19
2347,6424,27
2348,6425,19
2349,6425,31
2350,6425,33
2351,6425,39
2352,6425,42
2353,6425,44
2354,6425,45
2355,6426,19
2356,6426,35
2357,6426,39
2358,6427,19
2359,6427,22
2360,6427,27
2361,6427,30
2362,6427,33
2363,6427,35
2364,6427,39
2365,6427,41
2366,6427,44
2367,6427,47
2368,6427,51
2369,6427,52
2370,6431,19
2371,6431,22
2372,6431,27
2373,6431,30
2374,6431,31
2375,6431,33
2376,6434,19
2377,6434,27
2378,6434,33
2379,6439,19
2380,6439,22
2381,6439,23
2382,6439,27
2383,6439,28
2384,6439,30
2385,6439,31
2386,6439,33
2387,6439,35
2388,6439,39
2389,6439,43
2390,6439,44
2391,6439,45
2392,6439,47
2393,6439,48
2394,6439,49
2395,6439,52
2396,6443,19
2397,6443,31
2398,6471,19
2399,6471,39
2400,6471,40
2401,6474,19
2402,6474,20
2403,6474,22
2404,6474,27
2405,6474,30
2406,6474,35
2407,6474,39
2408,6474,40
2409,6474,43
2410,6474,44
2411,6474,47
2412,6474,51
2413,6476,19
2414,6476,22
2415,6476,23
2416,6476,27
2417,6476,28
2418,6476,29
2419,6476,30
2420,6476,31
2421,6476,35
2422,6476,41
2423,6476,42
2424,6476,43
2425,6476,44
2426,6476,45
2427,6476,47
2428,6476,48
2429,6476,49
2430,6476,51
2431,6476,52
2432,6477,19
2433,6477,35
2434,6477,49
2435,6479,19
2436,6479,22
2437,6479,23
2438,6479,27
2439,6479,29
2440,6479,33
2441,6479,35
2442,6479,39
2443,6479,41
2444,6479,43
2445,6479,44
2446,6479,47
2447,6479,48
2448,6479,49
2449,6479,51
2450,6482,19
2451,6482,39
2452,6482,41
2453,6483,19
2454,6483,51
2455,6483,52
2456,6486,19
2457,6486,22
2458,6486,23
2459,6486,27
2460,6486,28
2461,6486,29
2462,6486,30
2463,6486,31
2464,6486,33
2465,6486,35
2466,6486,39
2467,6486,42
2468,6486,43
2469,6486,44
2470,6486,47
2471,6489,19
2472,6489,51
2473,6493,19
2474,6493,44
2475,6496,19
2476,6496,39
2477,6496,41
2478,6496,45
2479,6497,19
2480,6497,27
2481,6497,30
2482,6497,35
2483,6497,39
2484,6497,44
2485,6502,19
2486,6502,22
2487,6502,27
2488,6502,28
2489,6502,29
2490,6502,30
2491,6502,31
2492,6502,33
2493,6502,35
2494,6502,39
2495,6502,41
2496,6502,43
2497,6502,44
2498,6502,47
2499,6502,52
2500,6504,19
2501,6504,27
2502,6510,19
2503,6510,22
2504,6510,23
2505,6510,27
2506,6510,28
2507,6510,29
2508,6510,30
2509,6510,33
2510,6510,35
2511,6510,39
2512,6510,41
2513,6510,43
2514,6510,44
2515,6510,45
2516,6510,47
2517,6510,49
2518,6510,50
2519,6510,52
2520,6511,19
2521,6511,44
2522,6514,19
2523,6514,22
2524,6514,35
2525,6515,19
2526,6515,51
2527,6517,19
2528,6517,33
2529,6518,19
2530,6518,39
2531,6519,19
2532,6519,35
2533,6519,51
2534,6520,19
2535,6520,22
2536,6520,23
2537,6520,28
2538,6520,35
2539,6521,19
2540,6521,20
2541,6521,23
2542,6521,27
2543,6521,33
2544,6521,39
2545,6521,41
2546,6521,45
2547,6521,47
2548,6521,51
2549,6524,19
2550,6524,31
2551,6525,19
2552,6525,27
2553,6525,31
2554,6526,19
2555,6526,39
2556,6526,43
2557,6526,44
2558,6526,49
2559,6526,51
2560,6536,19
2561,6536,22
2562,6537,19
2563,6537,39
2564,6538,19
2565,6538,45
2566,6539,19
2567,6539,27
2568,6539,35
2569,6539,41
2570,6539,45
2571,6539,52
2572,6541,19
2573,6541,23
2574,6541,27
2575,6541,47
2576,6542,19
2577,6542,27
2578,6542,31
2579,6542,47
2580,6543,19
2581,6543,27
2582,6543,28
2583,6544,19
2584,6544,27
2585,6545,19
2586,6545,39
2587,6545,52
2588,6546,19
2589,6546,23
2590,6546,27
2591,6546,29
2592,6546,31
2593,6546,41
2594,6546,43
2595,6546,44
2596,6546,47
2597,6546,49
2598,6546,51
2599,6547,19
2600,6547,23
2601,6547,52
2602,6552,19
2603,6552,27
2604,6559,19
2605,6559,35
2606,6560,19
2607,6560,22
2608,6560,27
2609,6560,40
2610,6560,41
2611,6560,47
2612,6560,51
2613,6562,19
2614,6562,20
2615,6562,22
2616,6562,27
2617,6562,30
2618,6562,33
2619,6562,39
2620,6562,47
2621,6562,50
2622,6563,19
2623,6563,33
2624,6563,35
2625,6563,39
2626,6563,44
2627,6563,45
2628,6563,47
2629,6568,19
2630,6568,27
2631,6568,29
2632,6568,39
2633,6569,19
2634,6569,27
2635,6569,39
2636,6570,19
2637,6570,27
2638,6570,39
2639,6571,19
2640,6571,39
2641,6572,19
2642,6572,22
2643,6572,27
2644,6572,39
2645,6572,41
2646,6572,45
2647,6589,19
2648,6589,22
2649,6590,19
2650,6590,27
2651,6590,28
2652,6594,19
2653,6594,39
2654,6595,19
2655,6595,27
2656,6595,39
2657,6596,19
2658,6596,22
2659,6596,28
2660,6596,42
2661,6601,19
2662,6601,23
2663,6601,27
2664,6602,19
2665,6602,23
2666,6602,27
2667,6604,19
2668,6604,27
2669,6606,19
2670,6606,22
2671,6606,27
2672,6606,39
2673,6608,19
2674,6608,22
2675,6608,27
2676,6608,39
2677,6608,41
2678,6626,19
2679,6626,39
2680,6626,45
2681,6640,19
2682,6640,39
2683,6641,19
2684,6641,39
2685,6655,9
2686,6655,19
2687,6662,9
2688,6662,19
2689,6663,9
2690,6663,19
2691,6665,9
2692,6665,19
2693,6681,9
2694,6681,19
2695,6694,9
2696,6694,19
2697,6701,9
2698,6701,19
2699,6723,9
2700,6723,19
2701,6727,9
2702,6727,19
2703,6733,9
2704,6733,19
2705,6736,9
2706,6736,19
2707,6740,9
2708,6740,19
2709,6748,9
2710,6748,19
2711,6750,9
2712,6750,19
2713,6757,9
2714,6757,19
2715,6763,9
2716,6763,19
2717,6766,9
2718,6766,19
2719,6769,9
2720,6769,19
2721,6771,9
2722,6771,19
2723,6772,9
2724,6772,19
2725,6774,9
2726,6774,19
2727,6776,9
2728,6776,19
2729,6782,9
2730,6782,19
2731,6784,9
2732,6784,19
2733,6786,9
2734,6786,19
2735,6787,9
2736,6787,19
2737,6788,9
2738,6788,19
2739,6789,9
2740,6789,19
2741,6790,9
2742,6790,19
2743,6792,9
2744,6792,19
2745,6794,9
2746,6794,19
2747,6808,9
2748,6808,19
2749,6820,9
2750,6820,19
2751,6820,20
2752,6878,19
2753,6878,20
2754,6908,19
2755,6908,20
2756,6916,19
2757,6916,20
2758,6971,19
2759,6971,20
2760,6982,19
2761,6982,23
2762,6985,19
2763,6985,20
2764,6985,23
2765,6991,19
2766,6991,23
2767,6994,19
2768,6994,23
2769,6999,19
2770,6999,23
2771,7019,2
2772,7019,6
2773,7029,2
2774,7029,7
2775,7031,2
2776,7031,7
2777,7044,2
2778,7044,5
2779,7053,2
2780,7053,5
2781,7070,2
2782,7070,5
2783,7513,20
2784,7513,31
2785,7513,43
2786,7513,49
2787,7514,20
2788,7514,31
2789,7514,43
2790,7516,20
2791,7516,33
2792,7516,43
2793,7516,47
2794,7516,51
2795,7521,20
2796,7521,31
2797,7525,20
2798,7525,31
2799,7525,43
2800,7525,47
2801,7531,20
2802,7531,33
2803,7532,20
2804,7532,31
2805,7536,20
2806,7536,31
2807,7536,33
2808,7536,43
2809,7536,47
2810,7536,49
2811,7536,51
2812,7536,52
2813,7540,20
2814,7540,47
2815,7543,20
2816,7543,31
2817,7545,20
2818,7545,47
2819,7548,20
2820,7548,31
2821,7549,20
2822,7549,31
2823,7551,20
2824,7551,31
2825,7553,20
2826,7553,31
2827,7557,20
2828,7557,43
2829,7558,20
2830,7558,31
2831,7558,43
2832,7558,47
2833,7562,20
2834,7562,31
2835,7562,33
2836,7562,43
2837,7562,47
2838,7562,51
2839,7566,20
2840,7566,31
2841,7566,43
2842,7566,47
2843,7567,20
2844,7567,31
2845,7567,43
2846,7567,47
2847,7567,51
2848,7567,52
2849,7568,20
2850,7568,31
2851,7568,43
2852,7568,51
2853,7574,4
2854,7574,21
2855,7574,46
2856,7579,21
2857,7579,34
2858,7580,21
2859,7580,34
2860,7586,21
2861,7586,24
2862,7586,46
2863,7598,21
2864,7598,46
2865,7600,21
2866,7600,24
2867,7602,21
2868,7602,24
2869,7603,21
2870,7603,24
2871,7604,21
2872,7604,24
2873,7605,21
2874,7605,24
2875,7606,21
2876,7606,46
2877,7607,21
2878,7607,46
2879,7609,21
2880,7609,24
2881,7609,34
2882,7609,46
2883,7610,21
2884,7610,34
2885,7614,21
2886,7614,26
2887,7614,34
2888,7614,46
2889,7615,21
2890,7615,34
2891,7615,36
2892,7617,21
2893,7617,34
2894,7617,46
2895,7620,21
2896,7620,26
2897,7620,34
2898,7620,36
2899,7620,37
2900,7620,46
2901,7621,21
2902,7621,24
2903,7622,21
2904,7622,34
2905,7623,21
2906,7623,24
2907,7623,26
2908,7623,34
2909,7623,36
2910,7623,46
2911,7624,21
2912,7624,24
2913,7624,34
2914,7624,46
2915,7627,21
2916,7627,24
2917,7627,46
2918,7629,21
2919,7629,46
2920,7634,21
2921,7634,34
2922,7634,37
2923,7634,46
2924,7635,21
2925,7635,24
2926,7635,26
2927,7635,34
2928,7635,46
2929,7637,21
2930,7637,34
2931,7646,21
2932,7646,26
2933,7646,34
2934,7646,36
2935,7646,46
2936,7648,21
2937,7648,26
2938,7648,34
2939,7648,46
2940,7649,21
2941,7649,34
2942,7649,46
2943,7653,21
2944,7653,24
2945,7653,34
2946,7653,46
2947,7654,21
2948,7654,26
2949,7654,34
2950,7654,46
2951,7655,21
2952,7655,24
2953,7655,26
2954,7655,34
2955,7655,36
2956,7657,21
2957,7657,24
2958,7657,46
2959,7659,21
2960,7659,46
2961,7661,21
2962,7661,24
2963,7661,46
2964,7662,21
2965,7662,24
2966,7662,34
2967,7666,21
2968,7666,34
2969,7666,36
2970,7666,46
2971,7667,21
2972,7667,24
2973,7667,34
2974,7667,37
2975,7667,46
2976,7668,21
2977,7668,24
2978,7668,26
2979,7668,34
2980,7668,36
2981,7668,37
2982,7668,46
2983,7669,21
2984,7669,34
2985,7669,46
2986,7673,21
2987,7673,24
2988,7673,37
2989,7675,21
2990,7675,34
2991,7675,46
2992,7678,21
2993,7678,36
2994,7678,46
2995,7680,21
2996,7680,36
2997,7680,46
2998,7682,21
2999,7682,24
3000,7682,36
3001,7682,46
3002,7683,21
3003,7683,37
3004,7692,21
3005,7692,24
3006,7695,21
3007,7695,36
3008,7695,46
3009,7697,21
3010,7697,36
3011,7697,46
3012,7698,21
3013,7698,46
3014,7703,21
3015,7703,36
3016,7706,21
3017,7706,36
3018,7708,21
3019,7708,24
3020,7708,36
3021,7708,46
3022,7710,21
3023,7710,36
3024,7710,46
3025,7713,21
3026,7713,36
3027,7715,21
3028,7715,36
3029,7715,46
3030,7718,21
3031,7718,46
3032,7720,21
3033,7720,46
3034,7721,21
3035,7721,46
3036,7722,21
3037,7722,24
3038,7722,36
3039,7722,46
3040,7724,21
3041,7724,46
3042,7726,21
3043,7726,36
3044,7726,46
3045,7727,21
3046,7727,36
3047,7727,46
3048,7728,21
3049,7728,24
3050,7728,36
3051,7728,37
3052,7728,46
3053,7730,21
3054,7730,46
3055,7736,21
3056,7736,46
3057,7740,21
3058,7740,36
3059,7740,46
3060,7746,21
3061,7746,24
3062,7746,36
3063,7746,46
3064,7749,21
3065,7749,24
3066,7749,46
3067,7768,21
3068,7768,36
3069,7768,46
3070,7771,21
3071,7771,24
3072,7771,36
3073,7771,46
3074,7772,21
3075,7772,24
3076,7777,4
3077,7777,21
3078,7777,24
3079,7777,32
3080,7777,36
3081,7777,46
3082,7780,4
3083,7780,21
3084,7781,21
3085,7781,32
3086,7782,21
3087,7782,32
3088,7789,21
3089,7789,32
3090,7789,46
3091,7790,21
3092,7790,24
3093,7795,21
3094,7795,24
3095,7795,32
3096,7795,36
3097,7795,38
3098,7795,46
3099,7800,21
3100,7800,24
3101,7800,25
3102,7800,32
3103,7800,36
3104,7800,38
3105,7800,46
3106,7806,21
3107,7806,25
3108,7807,21
3109,7807,36
3110,7807,46
3111,7812,21
3112,7812,24
3113,7812,46
3114,7815,21
3115,7815,25
3116,7815,46
3117,7817,21
3118,7817,25
3119,7819,21
3120,7819,32
3121,7819,36
3122,7819,46
3123,7822,21
3124,7822,32
3125,7823,21
3126,7823,46
3127,7826,21
3128,7826,32
3129,7826,36
3130,7826,38
3131,7827,21
3132,7827,24
3133,7827,38
3134,7827,46
3135,7829,21
3136,7829,32
3137,7829,36
3138,7829,46
3139,7831,21
3140,7831,36
3141,7831,46
3142,7833,21
3143,7833,32
3144,7833,36
3145,7833,38
3146,7839,21
3147,7839,32
3148,7839,46
3149,7840,21
3150,7840,24
3151,7840,25
3152,7840,32
3153,7840,36
3154,7840,38
3155,7840,46
3156,7844,21
3157,7844,32
3158,7844,46
3159,7846,21
3160,7846,24
3161,7846,36
3162,7846,38
3163,7846,46
3164,7854,21
3165,7854,36
3166,7857,21
3167,7857,24
3168,7857,32
3169,7857,36
3170,7857,38
3171,7857,46
3172,7858,21
3173,7858,32
3174,7860,21
3175,7860,32
3176,7860,36
3177,7862,21
3178,7862,32
3179,7862,46
3180,7864,21
3181,7864,32
3182,7866,21
3183,7866,24
3184,7866,25
3185,7866,32
3186,7866,36
3187,7866,38
3188,7866,46
3189,7874,21
3190,7874,24
3191,7874,32
3192,7876,21
3193,7876,24
3194,7876,32
3195,7876,36
3196,7876,38
3197,7876,46
3198,7880,21
3199,7880,32
3200,7880,38
3201,7881,21
3202,7881,24
3203,7881,25
3204,7881,32
3205,7881,36
3206,7881,38
3207,7881,46
3208,7882,21
3209,7882,24
3210,7882,32
3211,7882,38
3212,7882,46
3213,7883,21
3214,7883,24
3215,7883,25
3216,7883,36
3217,7883,38
3218,7883,46
3219,7885,21
3220,7885,24
3221,7885,25
3222,7885,32
3223,7885,36
3224,7885,46
3225,7886,21
3226,7886,24
3227,7886,25
3228,7886,32
3229,7886,36
3230,7886,38
3231,7886,46
3232,7889,21
3233,7889,24
3234,7889,36
3235,7889,46
3236,7901,21
3237,7901,24
3238,7901,25
3239,7901,32
3240,7901,36
3241,7901,38
3242,7901,46
3243,7902,21
3244,7902,24
3245,7902,25
3246,7902,46
3247,7903,21
3248,7903,25
3249,7903,32
3250,7904,21
3251,7904,32
3252,7904,46
3253,7905,21
3254,7905,24
3255,7905,36
3256,7905,46
3257,7907,21
3258,7907,24
3259,7907,32
3260,7909,21
3261,7909,24
3262,7909,25
3263,7909,32
3264,7909,36
3265,7909,38
3266,7909,46
3267,7912,21
3268,7912,24
3269,7912,32
3270,7912,36
3271,7912,38
3272,7912,46
3273,7915,21
3274,7915,24
3275,7915,25
3276,7922,21
3277,7922,24
3278,7922,25
3279,7922,32
3280,7922,36
3281,7922,38
3282,7922,46
3283,7923,21
3284,7923,32
3285,7923,36
3286,7923,38
3287,7926,21
3288,7926,46
3289,7932,21
3290,7932,24
3291,7932,38
3292,7932,46
3293,7934,21
3294,7934,46
3295,7935,21
3296,7935,25
3297,7935,32
3298,7935,36
3299,7935,46
3300,7940,21
3301,7940,46
3302,7944,21
3303,7944,24
3304,7944,32
3305,7944,36
3306,7944,38
3307,7944,46
3308,7945,21
3309,7945,46
3310,7946,21
3311,7946,32
3312,7946,38
3313,7946,46
3314,7950,21
3315,7950,24
3316,7950,25
3317,7950,32
3318,7950,36
3319,7950,38
3320,7950,46
3321,7954,21
3322,7954,24
3323,7954,25
3324,7954,32
3325,7954,36
3326,7954,38
3327,7954,46
3328,7955,21
3329,7955,32
3330,7955,38
3331,7955,46
3332,7958,21
3333,7958,25
3334,7958,36
3335,7958,46
3336,7962,21
3337,7962,38
3338,7965,21
3339,7965,32
3340,7965,36
3341,7973,21
3342,7973,24
3343,7973,32
3344,7973,36
3345,7973,46
3346,7976,21
3347,7976,25
3348,7976,32
3349,7976,36
3350,7976,38
3351,7976,46
3352,7977,21
3353,7977,46
3354,7980,21
3355,7980,25
3356,7980,32
3357,7980,38
3358,7982,21
3359,7982,24
3360,7982,32
3361,7982,36
3362,7982,46
3363,7984,21
3364,7984,46
3365,7986,21
3366,7986,38
3367,7987,21
3368,7987,24
3369,7987,32
3370,7987,38
3371,7987,46
3372,7988,21
3373,7988,25
3374,7988,32
3375,7988,36
3376,7988,38
3377,7988,46
3378,7989,21
3379,7989,24
3380,7989,36
3381,7989,46
3382,7993,4
3383,7993,21
3384,7993,32
3385,7993,36
3386,7993,38
3387,7993,46
3388,7995,4
3389,7995,21
3390,7995,25
3391,7995,32
3392,7995,36
3393,7995,38
3394,7995,46
3395,8000,21
3396,8000,26
3397,8008,21
3398,8008,26
3399,8016,21
3400,8016,26
3401,8027,21
3402,8027,26
3403,8036,21
3404,8036,26
3405,8038,21
3406,8038,26
3407,8039,21
3408,8039,26
3409,8045,21
3410,8045,26
3411,8058,21
3412,8058,26
3413,8063,21
3414,8063,26
3415,8080,21
3416,8080,26
3417,8081,21
3418,8081,26
3419,8082,21
3420,8082,26
3421,8083,21
3422,8083,26
3423,8085,21
3424,8085,26
3425,8087,21
3426,8087,26
3427,8088,21
3428,8088,26
3429,8089,21
3430,8089,26
3431,8090,21
3432,8090,26
3433,8104,21
3434,8104,26
3435,8109,21
3436,8109,24
3437,8109,26
3438,8131,21
3439,8131,26
3440,8133,21
3441,8133,24
3442,8134,21
3443,8134,24
3444,8135,21
3445,8135,24
3446,8149,21
3447,8149,24
3448,8152,21
3449,8152,26
3450,8153,21
3451,8153,24
3452,8153,26
3453,8158,21
3454,8158,24
3455,8158,26
3456,8161,21
3457,8161,24
3458,8161,26
3459,8175,21
3460,8175,26
3461,8178,21
3462,8178,26
3463,8180,21
3464,8180,24
3465,8213,21
3466,8213,24
3467,8240,21
3468,8240,24
3469,8242,21
3470,8242,24
3471,8263,21
3472,8263,24
3473,8275,21
3474,8275,26
3475,8276,21
3476,8276,24
3477,8321,21
3478,8321,24
3479,8324,21
3480,8324,24
3481,8326,21
3482,8326,24
3483,8342,21
3484,8342,24
3485,8344,21
3486,8344,24
3487,8348,21
3488,8348,24
3489,8353,21
3490,8353,24
3491,8364,21
3492,8364,24
3493,8369,21
3494,8369,24
3495,8371,21
3496,8371,24
3497,8371,26
3498,8381,21
3499,8381,24
3500,8382,21
3501,8382,24
3502,8382,26
3503,8404,21
3504,8404,24
3505,8406,21
3506,8406,24
3507,8407,21
3508,8407,24
3509,8449,21
3510,8449,24
3511,8459,21
3512,8459,24
3513,8463,22
3514,8463,50
3515,8530,7
3516,8530,23
3517,8539,7
3518,8539,22
3519,8546,7
3520,8546,22
3521,8551,7
3522,8551,27
3523,8555,7
3524,8555,22
3525,8559,7
3526,8559,22
3527,8566,7
3528,8566,22
3529,8566,27
3530,8591,7
3531,8591,22
3532,8591,23
3533,8591,27
3534,8592,7
3535,8592,22
3536,8594,7
3537,8594,27
3538,8596,7
3539,8596,22
3540,8597,7
3541,8597,22
3542,8599,7
3543,8599,23
3544,8600,7
3545,8600,22
3546,8606,7
3547,8606,22
3548,8608,7
3549,8608,27
3550,8611,7
3551,8611,22
3552,8611,23
3553,8611,27
3554,8615,7
3555,8615,27
3556,8618,7
3557,8618,27
3558,8619,7
3559,8619,27
3560,8620,7
3561,8620,27
3562,8621,7
3563,8621,27
3564,8625,7
3565,8625,22
3566,8625,27
3567,8626,7
3568,8626,22
3569,8626,27
3570,8634,7
3571,8634,22
3572,8654,7
3573,8654,22
3574,8655,7
3575,8655,22
3576,8670,7
3577,8670,27
3578,8792,25
3579,8792,32
3580,8797,25
3581,8797,46
3582,8798,25
3583,8798,32
3584,8800,25
3585,8800,32
3586,8804,25
3587,8804,38
3588,8812,25
3589,8812,32
3590,8818,25
3591,8818,32
3592,8834,25
3593,8834,38
3594,8840,25
3595,8840,38
3596,8841,25
3597,8841,38
3598,8842,25
3599,8842,32
3600,8843,25
3601,8843,32
3602,8843,38
3603,8849,25
3604,8849,32
3605,8857,25
3606,8857,32
3607,8860,25
3608,8860,38
3609,8861,25
3610,8861,32
3611,8862,25
3612,8862,32
3613,8865,25
3614,8865,32
3615,8867,25
3616,8867,32
3617,8867,38
3618,8868,25
3619,8868,38
3620,8870,25
3621,8870,32
3622,8872,25
3623,8872,32
3624,8872,38
3625,8877,25
3626,8877,38
3627,8881,25
3628,8881,32
3629,8883,25
3630,8883,32
3631,8883,38
3632,8884,25
3633,8884,32
3634,8884,38
3635,8887,25
3636,8887,38
3637,8888,25
3638,8888,32
3639,8888,38
3640,8889,25
3641,8889,32
3642,8889,38
3643,8894,25
3644,8894,32
3645,8894,38
3646,8900,25
3647,8900,32
3648,8900,38
3649,8902,25
3650,8902,38
3651,8903,25
3652,8903,32
3653,8908,25
3654,8908,32
3655,8909,25
3656,8909,32
3657,8909,38
3658,8911,25
3659,8911,32
3660,8911,38
3661,8913,25
3662,8913,32
3663,8915,25
3664,8915,32
3665,8917,25
3666,8917,32
3667,8917,38
3668,8918,25
3669,8918,32
3670,8918,38
3671,8924,25
3672,8924,32
3673,8926,25
3674,8926,38
3675,8927,25
3676,8927,32
3677,8934,25
3678,8934,38
3679,8945,25
3680,8945,32
3681,8945,38
3682,8951,25
3683,8951,32
3684,8951,38
3685,8953,25
3686,8953,32
3687,8954,25
3688,8954,32
3689,8954,38
3690,8958,25
3691,8958,32
3692,8958,38
3693,8960,25
3694,8960,32
3695,8963,25
3696,8963,38
3697,8966,25
3698,8966,32
3699,8967,25
3700,8967,32
3701,8970,25
3702,8970,32
3703,8970,38
3704,8975,25
3705,8975,32
3706,8975,38
3707,8977,25
3708,8977,32
3709,8977,38
3710,8978,25
3711,8978,32
3712,8978,38
3713,8980,25
3714,8980,38
3715,8982,25
3716,8982,32
3717,8982,38
3718,8985,25
3719,8985,32
3720,8985,38
3721,8986,25
3722,8986,32
3723,8988,25
3724,8988,38
3725,8991,25
3726,8991,38
3727,9486,4
3728,9486,26
3729,9487,4
3730,9487,26
3731,9488,4
3732,9488,26
3733,9489,4
3734,9489,26
3735,9490,4
3736,9490,26
3737,9490,34
3738,9492,5
3739,9492,34
3740,9493,5
3741,9493,26
3742,9496,5
3743,9496,26
3744,9497,5
3745,9497,26
3746,9498,5
3747,9498,26
3748,9500,5
3749,9500,26
3750,9502,5
3751,9502,26
3752,9503,5
3753,9503,26
3754,9503,34
3755,9508,5
3756,9508,26
3757,9509,5
3758,9509,26
3759,9510,5
3760,9510,26
3761,9512,5
3762,9512,26
3763,9512,34
3764,9512,37
3765,9514,5
3766,9514,26
3767,9515,5
3768,9515,26
3769,9516,5
3770,9516,26
3771,9520,5
3772,9520,26
3773,9521,5
3774,9521,26
3775,9523,5
3776,9523,26
3777,9524,5
3778,9524,26
3779,9525,5
3780,9525,26
3781,9526,5
3782,9526,26
3783,9527,5
3784,9527,26
3785,9530,5
3786,9530,34
3787,9533,5
3788,9533,34
3789,9535,5
3790,9535,26
3791,9536,5
3792,9536,26
3793,9538,5
3794,9538,26
3795,9538,34
3796,9539,5
3797,9539,26
3798,9541,5
3799,9541,26
3800,9541,34
3801,9542,5
3802,9542,26
3803,9544,5
3804,9544,26
3805,9544,34
3806,9548,5
3807,9548,26
3808,9549,5
3809,9549,26
3810,9550,5
3811,9550,34
3812,9551,5
3813,9551,26
3814,9552,5
3815,9552,26
3816,9552,34
3817,9557,5
3818,9557,26
3819,9557,34
3820,9557,37
3821,9558,5
3822,9558,26
3823,9558,34
3824,9558,37
3825,9559,5
3826,9559,26
3827,9559,34
3828,9560,5
3829,9560,26
3830,9560,34
3831,9568,5
3832,9568,26
3833,9569,5
3834,9569,26
3835,9569,34
3836,9570,5
3837,9570,26
3838,9572,5
3839,9572,26
3840,9573,5
3841,9573,26
3842,9574,5
3843,9574,26
3844,9574,34
3845,9574,37
3846,9576,5
3847,9576,26
3848,9576,34
3849,9576,37
3850,9585,26
3851,9585,34
3852,9586,26
3853,9586,34
3854,9587,26
3855,9587,34
3856,9588,26
3857,9588,34
3858,9590,26
3859,9590,34
3860,9591,26
3861,9591,34
3862,9593,26
3863,9593,34
3864,9597,26
3865,9597,37
3866,9598,26
3867,9598,34
3868,9600,26
3869,9600,34
3870,9604,26
3871,9604,34
3872,9606,26
3873,9606,34
3874,9611,26
3875,9611,34
3876,9613,26
3877,9613,34
3878,9614,26
3879,9614,34
3880,9615,26
3881,9615,34
3882,9616,26
3883,9616,34
3884,9616,37
3885,9620,26
3886,9620,34
3887,9621,26
3888,9621,34
3889,9622,26
3890,9622,34
3891,9625,26
3892,9625,34
3893,9630,26
3894,9630,34
3895,9630,37
3896,9631,26
3897,9631,34
3898,9634,26
3899,9634,34
3900,9635,26
3901,9635,37
3902,9645,26
3903,9645,34
3904,9647,26
3905,9647,37
3906,9648,26
3907,9648,37
3908,9649,26
3909,9649,34
3910,9650,26
3911,9650,34
3912,9654,26
3913,9654,34
3914,9655,26
3915,9655,34
3916,9655,37
3917,9656,26
3918,9656,34
3919,9656,37
3920,9657,26
3921,9657,34
3922,9659,26
3923,9659,34
3924,9662,26
3925,9662,37
3926,9663,26
3927,9663,34
3928,9677,26
3929,9677,34
3930,9678,26
3931,9678,34
3932,9687,26
3933,9687,34
3934,9687,37
3935,9708,26
3936,9708,34
3937,9709,26
3938,9709,34
3939,9711,26
3940,9711,34
3941,9715,26
3942,9715,34
3943,9715,37
3944,9717,26
3945,9717,34
3946,9720,26
3947,9720,34
3948,9724,26
3949,9724,34
3950,9726,26
3951,9726,37
3952,9735,26
3953,9735,34
3954,9741,26
3955,9741,34
3956,9742,26
3957,9742,34
3958,9742,37
3959,9743,26
3960,9743,34
3961,9746,26
3962,9746,34
3963,9750,26
3964,9750,34
3965,9752,26
3966,9752,34
3967,9752,37
3968,9754,26
3969,9754,37
3970,9758,26
3971,9758,34
3972,9761,26
3973,9761,37
3974,9765,26
3975,9765,34
3976,9775,26
3977,9775,34
3978,9789,26
3979,9789,34
3980,9800,26
3981,9800,34
3982,9800,37
3983,9803,26
3984,9803,34
3985,9805,26
3986,9805,34
3987,9806,26
3988,9806,34
3989,9806,37
3990,9807,26
3991,9807,34
3992,9807,37
3993,9808,26
3994,9808,34
3995,9808,37
3996,9811,26
3997,9811,34
3998,9811,37
3999,9850,7
4000,9850,27
4001,9862,7
4002,9862,27
4003,9864,7
4004,9864,27
4005,9867,7
4006,9867,27
4007,9869,7
4008,9869,27
4009,9871,7
4010,9871,27
4011,9872,7
4012,9872,27
4013,9873,7
4014,9873,27
4015,9876,7
4016,9876,27
4017,9879,7
4018,9879,27
4019,9882,7
4020,9882,27
4021,9883,7
4022,9883,27
4023,9885,7
4024,9885,27
4025,9886,7
4026,9886,27
4027,9887,7
4028,9887,27
4029,9904,7
4030,9904,27
4031,9909,7
4032,9909,27
4033,9914,7
4034,9914,27
4035,9918,7
4036,9918,27
4037,9923,7
4038,9923,27
4039,9924,7
4040,9924,27
4041,9929,7
4042,9929,27
4043,9933,7
4044,9933,27
4045,9937,7
4046,9937,27
4047,9941,7
4048,9941,27
4049,9943,7
4050,9943,27
4051,9945,7
4052,9945,27
4053,9956,7
4054,9956,27
4055,9957,7
4056,9957,27
4057,9958,7
4058,9958,27
4059,9960,7
4060,9960,27
4061,9975,7
4062,9975,27
4063,9979,7
4064,9979,27
4065,9980,7
4066,9980,27
4067,9981,7
4068,9981,27
4069,9983,7
4070,9983,27
4071,9987,7
4072,9987,27
4073,9990,7
4074,9990,27
4075,9991,7
4076,9991,27
4077,9994,7
4078,9994,27
4079,9996,7
4080,9996,27
4081,10000,7
4082,10000,27
4083,10002,7
4084,10002,27
4085,10003,7
4086,10003,27
4087,10009,7
4088,10009,27
4089,10015,7
4090,10015,27
4091,10021,7
4092,10021,27
4093,10039,7
4094,10039,27
4095,10040,7
4096,10040,27
4097,10044,7
4098,10044,27
4099,10045,7
4100,10045,27
4101,10046,7
4102,10046,27
4103,10058,7
4104,10058,27
4105,10060,7
4106,10060,27
4107,10063,7
4108,10063,27
4109,10067,7
4110,10067,27
4111,10071,7
4112,10071,27
4113,10080,7
4114,10080,27
4115,10108,7
4116,10108,27
4117,10108,31
4118,10113,7
4119,10113,27
4120,10114,27
4121,10114,31
4122,10125,7
4123,10125,27
4124,10126,7
4125,10126,27
4126,10126,31
4127,10127,7
4128,10127,27
4129,10127,31
4130,10128,7
4131,10128,27
4132,10128,31
4133,10129,7
4134,10129,27
4135,10129,31
4136,10130,7
4137,10130,27
4138,10130,31
4139,10137,7
4140,10137,27
4141,10145,7
4142,10145,27
4143,10146,7
4144,10146,27
4145,10150,7
4146,10150,27
4147,10157,7
4148,10157,27
4149,10160,7
4150,10160,27
4151,10160,31
4152,10164,7
4153,10164,27
4154,10164,31
4155,10170,7
4156,10170,27
4157,10170,31
4158,10171,7
4159,10171,27
4160,10200,28
4161,10200,45
4162,10231,28
4163,10231,30
4164,10232,28
4165,10232,30
4166,10233,28
4167,10233,30
4168,10251,28
4169,10251,30
4170,10271,28
4171,10271,30
4172,10295,4
4173,10295,28
4174,10298,4
4175,10298,28
4176,10298,30
4177,10306,28
4178,10306,30
4179,10322,28
4180,10322,30
4181,10328,28
4182,10328,30
4183,10329,28
4184,10329,30
4185,10361,28
4186,10361,30
4187,10366,28
4188,10366,30
4189,10405,28
4190,10405,30
4191,10429,28
4192,10429,30
4193,10484,28
4194,10484,30
4195,10488,28
4196,10488,30
4197,10492,28
4198,10492,30
4199,10493,28
4200,10493,30
4201,10494,28
4202,10494,30
4203,10495,28
4204,10495,30
4205,10502,28
4206,10502,30
4207,10503,28
4208,10503,30
4209,10508,28
4210,10508,30
4211,10563,28
4212,10563,30
4213,10579,28
4214,10579,30
4215,10580,28
4216,10580,30
4217,10581,28
4218,10581,30
4219,10582,28
4220,10582,30
4221,10583,28
4222,10583,30
4223,10584,28
4224,10584,30
4225,10585,28
4226,10585,30
4227,10587,28
4228,10587,30
4229,10589,28
4230,10589,30
4231,10590,28
4232,10590,30
4233,10591,28
4234,10591,30
4235,10592,28
4236,10592,30
4237,10593,28
4238,10593,30
4239,10594,28
4240,10594,30
4241,10595,28
4242,10595,30
4243,10596,28
4244,10596,30
4245,10606,28
4246,10606,30
4247,10612,28
4248,10612,30
4249,10702,29
4250,10702,50
4251,10707,29
4252,10707,52
4253,10712,29
4254,10712,40
4255,10713,29
4256,10713,52
4257,10714,29
4258,10714,52
4259,10719,29
4260,10719,40
4261,10732,29
4262,10732,40
4263,10746,29
4264,10746,40
4265,10754,29
4266,10754,40
4267,10762,29
4268,10762,40
4269,10762,51
4270,10781,29
4271,10781,51
4272,10782,29
4273,10782,40
4274,10789,29
4275,10789,40
4276,10791,29
4277,10791,40
4278,10791,51
4279,10795,29
4280,10795,51
4281,10796,29
4282,10796,51
4283,10797,29
4284,10797,51
4285,10804,29
4286,10804,51
4287,10812,29
4288,10812,40
4289,10812,51
4290,10835,29
4291,10835,40
4292,10835,51
4293,10857,29
4294,10857,40
4295,10877,29
4296,10877,40
4297,10877,51
4298,10878,29
4299,10878,51
4300,10882,29
4301,10882,51
4302,10883,29
4303,10883,51
4304,10884,29
4305,10884,40
4306,10884,51
4307,10886,29
4308,10886,40
4309,10898,29
4310,10898,40
4311,10898,51
4312,10930,29
4313,10930,51
4314,10932,29
4315,10932,40
4316,10934,29
4317,10934,40
4318,10934,51
4319,10938,29
4320,10938,40
4321,10938,51
4322,10939,29
4323,10939,40
4324,10939,51
4325,10941,29
4326,10941,40
4327,10943,29
4328,10943,40
4329,10943,51
4330,10944,29
4331,10944,40
4332,10944,51
4333,10945,29
4334,10945,51
4335,10957,29
4336,10957,51
4337,10958,29
4338,10958,51
4339,10960,29
4340,10960,51
4341,10961,29
4342,10961,51
4343,10962,29
4344,10962,51
4345,10966,29
4346,10966,51
4347,10970,29
4348,10970,51
4349,10971,29
4350,10971,51
4351,10974,29
4352,10974,51
4353,10979,29
4354,10979,51
4355,10981,29
4356,10981,51
4357,10985,29
4358,10985,51
4359,10986,29
4360,10986,51
4361,10987,29
4362,10987,51
4363,11003,29
4364,11003,51
4365,11006,29
4366,11006,51
4367,11707,30
4368,11707,35
4369,11707,40
4370,11707,50
4371,11709,30
4372,11709,35
4373,11709,50
4374,11711,30
4375,11711,35
4376,11711,40
4377,11711,50
4378,11713,30
4379,11713,35
4380,11713,40
4381,11713,50
4382,11721,7
4383,11721,50
4384,11726,7
4385,11726,30
4386,11726,40
4387,11728,30
4388,11728,35
4389,11728,40
4390,11728,50
4391,11729,30
4392,11729,35
4393,11729,50
4394,11731,30
4395,11731,35
4396,11731,50
4397,11732,30
4398,11732,35
4399,11732,40
4400,11739,30
4401,11739,50
4402,11742,30
4403,11742,35
4404,11827,31
4405,11827,33
4406,11829,31
4407,11829,43
4408,11829,51
4409,11830,31
4410,11830,43
4411,11830,51
4412,11831,31
4413,11831,43
4414,11831,51
4415,11832,31
4416,11832,43
4417,11832,51
4418,11843,4
4419,11843,31
4420,12231,32
4421,12231,38
4422,12251,4
4423,12251,32
4424,12254,4
4425,12254,32
4426,12254,36
4427,12260,32
4428,12260,36
4429,12274,32
4430,12274,36
4431,12275,32
4432,12275,36
4433,12275,38
4434,12281,32
4435,12281,36
4436,12299,32
4437,12299,36
4438,12300,32
4439,12300,36
4440,12300,38
4441,12302,32
4442,12302,38
4443,12323,32
4444,12323,38
4445,12325,32
4446,12325,36
4447,12325,38
4448,12328,32
4449,12328,36
4450,12328,38
4451,12329,32
4452,12329,36
4453,12329,38
4454,12347,32
4455,12347,36
4456,12348,32
4457,12348,36
4458,12348,38
4459,12361,32
4460,12361,36
4461,12362,32
4462,12362,36
4463,12362,38
4464,12364,32
4465,12364,38
4466,12371,32
4467,12371,38
4468,12372,32
4469,12372,36
4470,12372,38
4471,12378,32
4472,12378,36
4473,12384,32
4474,12384,38
4475,12386,32
4476,12386,38
4477,12388,32
4478,12388,38
4479,12401,32
4480,12401,38
4481,12410,32
4482,12410,38
4483,12415,32
4484,12415,38
4485,12422,32
4486,12422,38
4487,12429,32
4488,12429,38
4489,12439,32
4490,12439,38
4491,12440,32
4492,12440,38
4493,12457,32
4494,12457,38
4495,12459,32
4496,12459,38
4497,12460,32
4498,12460,38
4499,12491,32
4500,12491,38
4501,12533,32
4502,12533,38
4503,12538,32
4504,12538,38
4505,12551,32
4506,12551,46
4507,12555,32
4508,12555,38
4509,12563,32
4510,12563,38
4511,12563,46
4512,12564,32
4513,12564,38
4514,12564,46
4515,12571,32
4516,12571,38
4517,12572,32
4518,12572,38
4519,12572,46
4520,12581,32
4521,12581,46
4522,12584,32
4523,12584,46
4524,12586,32
4525,12586,38
4526,12593,32
4527,12593,38
4528,12596,32
4529,12596,38
4530,12600,32
4531,12600,46
4532,12601,32
4533,12601,38
4534,12609,32
4535,12609,38
4536,12610,32
4537,12610,46
4538,12612,32
4539,12612,38
4540,12612,46
4541,12616,32
4542,12616,38
4543,12616,46
4544,12619,32
4545,12619,38
4546,12619,46
4547,12622,32
4548,12622,38
4549,12623,32
4550,12623,38
4551,12625,32
4552,12625,46
4553,12628,32
4554,12628,38
4555,12628,46
4556,12638,32
4557,12638,38
4558,12646,32
4559,12646,38
4560,12646,46
4561,12647,32
4562,12647,38
4563,12648,32
4564,12648,46
4565,12652,32
4566,12652,46
4567,12669,32
4568,12669,38
4569,12669,46
4570,12676,32
4571,12676,38
4572,12685,32
4573,12685,38
4574,12686,32
4575,12686,38
4576,12687,32
4577,12687,38
4578,12688,32
4579,12688,38
4580,12689,32
4581,12689,38
4582,12690,32
4583,12690,38
4584,12692,32
4585,12692,38
4586,12694,32
4587,12694,38
4588,12695,32
4589,12695,38
4590,12695,46
4591,12702,32
4592,12702,38
4593,12708,32
4594,12708,46
4595,12711,32
4596,12711,46
4597,12712,32
4598,12712,38
4599,12712,46
4600,12713,32
4601,12713,38
4602,12713,46
4603,12715,32
4604,12715,46
4605,12718,32
4606,12718,38
4607,12719,32
4608,12719,38
4609,12720,32
4610,12720,38
4611,12721,32
4612,12721,38
4613,12722,32
4614,12722,38
4615,12725,33
4616,12725,43
4617,12725,47
4618,12727,33
4619,12727,47
4620,12729,33
4621,12729,41
4622,12729,52
4623,12753,33
4624,12753,52
4625,12754,33
4626,12754,41
4627,12754,52
4628,12757,33
4629,12757,41
4630,12772,33
4631,12772,41
4632,12774,33
4633,12774,52
4634,12775,33
4635,12775,41
4636,12775,52
4637,12791,33
4638,12791,52
4639,12794,33
4640,12794,52
4641,12795,33
4642,12795,41
4643,12811,33
4644,12811,41
4645,12811,52
4646,12816,33
4647,12816,52
4648,12817,33
4649,12817,41
4650,12820,33
4651,12820,52
4652,12822,33
4653,12822,41
4654,12822,52
4655,12829,33
4656,12829,41
4657,12854,33
4658,12854,40
4659,12854,41
4660,12855,33
4661,12855,52
4662,12857,33
4663,12857,40
4664,12857,52
4665,12858,33
4666,12858,40
4667,12859,33
4668,12859,40
4669,12859,52
4670,12864,33
4671,12864,52
4672,12865,33
4673,12865,52
4674,12874,33
4675,12874,52
4676,12886,33
4677,12886,40
4678,12887,33
4679,12887,40
4680,12888,33
4681,12888,41
4682,12888,51
4683,12897,33
4684,12897,51
4685,12902,33
4686,12902,40
4687,12902,51
4688,12903,33
4689,12903,40
4690,12903,51
4691,12903,52
4692,12904,33
4693,12904,51
4694,12905,33
4695,12905,40
4696,12905,51
4697,12906,33
4698,12906,40
4699,12906,51
4700,12926,33
4701,12926,40
4702,12926,41
4703,12930,33
4704,12930,40
4705,12930,51
4706,12931,33
4707,12931,40
4708,12931,51
4709,12932,33
4710,12932,40
4711,12932,51
4712,12933,33
4713,12933,51
4714,12939,33
4715,12939,40
4716,12939,51
4717,12939,52
4718,12941,33
4719,12941,40
4720,12944,33
4721,12944,40
4722,12944,51
4723,12966,33
4724,12966,51
4725,12966,52
4726,12969,33
4727,12969,51
4728,12970,33
4729,12970,40
4730,12970,51
4731,12971,33
4732,12971,51
4733,12972,33
4734,12972,40
4735,12973,33
4736,12973,51
4737,12974,33
4738,12974,51
4739,12975,33
4740,12975,40
4741,12975,51
4742,12977,33
4743,12977,40
4744,12977,51
4745,12979,33
4746,12979,40
4747,12979,51
4748,12981,33
4749,12981,51
4750,12983,33
4751,12983,51
4752,12985,33
4753,12985,40
4754,12987,33
4755,12987,40
4756,12993,33
4757,12993,51
4758,13007,33
4759,13007,51
4760,13007,52
4761,13010,33
4762,13010,40
4763,13010,51
4764,13012,33
4765,13012,40
4766,13039,33
4767,13039,51
4768,13041,33
4769,13041,40
4770,13041,51
4771,13043,33
4772,13043,51
4773,13045,33
4774,13045,51
4775,13047,33
4776,13047,40
4777,13061,33
4778,13061,51
4779,13062,33
4780,13062,51
4781,13064,33
4782,13064,51
4783,13067,33
4784,13067,51
4785,13068,33
4786,13068,52
4787,13069,33
4788,13069,51
4789,13070,33
4790,13070,51
4791,13074,33
4792,13074,40
4793,13074,51
4794,13083,33
4795,13083,40
4796,13083,51
4797,13086,33
4798,13086,40
4799,13087,33
4800,13087,40
4801,13089,33
4802,13089,40
4803,13089,51
4804,13090,33
4805,13090,40
4806,13090,51
4807,13091,33
4808,13091,51
4809,13092,33
4810,13092,51
4811,13104,33
4812,13104,51
4813,13109,33
4814,13109,51
4815,13170,33
4816,13170,52
4817,13171,33
4818,13171,52
4819,13172,33
4820,13172,52
4821,13173,33
4822,13173,52
4823,13178,33
4824,13178,52
4825,13194,33
4826,13194,52
4827,13209,33
4828,13209,52
4829,13604,34
4830,13604,50
4831,13605,34
4832,13605,50
4833,13611,34
4834,13611,50
4835,13618,34
4836,13618,50
4837,13627,34
4838,13627,50
4839,13628,34
4840,13628,50
4841,13636,34
4842,13636,50
4843,13638,34
4844,13638,50
4845,13641,34
4846,13641,50
4847,13646,34
4848,13646,50
4849,13647,34
4850,13647,50
4851,13648,34
4852,13648,50
4853,13649,34
4854,13649,50
4855,13652,34
4856,13652,50
4857,13657,34
4858,13657,50
4859,13658,34
4860,13658,50
4861,13659,34
4862,13659,50
4863,13660,34
4864,13660,50
4865,13661,34
4866,13661,50
4867,13662,34
4868,13662,50
4869,13663,34
4870,13663,50
4871,13664,34
4872,13664,50
4873,13670,34
4874,13670,50
4875,13693,34
4876,13693,50
4877,13700,34
4878,13700,50
4879,13701,34
4880,13701,50
4881,13702,34
4882,13702,50
4883,13706,34
4884,13706,50
4885,13715,35
4886,13715,40
4887,13715,50
4888,13716,35
4889,13716,50
4890,13719,35
4891,13719,40
4892,13719,50
4893,14618,38
4894,14618,46
4895,14621,38
4896,14621,46
4897,14626,38
4898,14626,46
4899,14627,38
4900,14627,46
4901,14645,39
4902,14645,41
4903,14645,45
4904,14647,39
4905,14647,41
4906,14647,45
4907,14651,39
4908,14651,42
4909,14654,39
4910,14654,41
4911,14654,45
4912,15163,4
4913,15163,48
4914,15171,4
4915,15171,48
4916,15608,4
4917,15608,5
4918,15690,40
4919,15690,50
4920,15700,40
4921,15700,51
4922,15975,41
4923,15975,52
4924,15976,41
4925,15976,52
4926,15977,41
4927,15977,52
4928,15985,42
4929,15985,50
4930,15989,42
4931,15989,50
4932,15990,42
4933,15990,50
4934,15997,42
4935,15997,50
4936,16018,42
4937,16018,50
4938,16024,42
4939,16024,50
4940,16028,42
4941,16028,50
4942,16044,42
4943,16044,50
4944,16054,42
4945,16054,50
4946,16068,42
4947,16068,50
4948,16579,43
4949,16579,47
4950,16579,51
4951,16594,43
4952,16594,47
4953,16594,49
4954,17099,5
4955,17099,44
4956,18129,45
4957,18129,49
4958,18130,45
4959,18130,49
4960,18184,45
4961,18184,49
4962,18186,45
4963,18186,49
4964,18187,45
4965,18187,49
4966,18188,45
4967,18188,49
4968,19505,49
4969,19505,51
